add_id,street_name,city,country
16febaa0,659 Kelly Field,North Chloe,Texas
6d16ee18,7515 Tom Roads Suite 330,Davebury,Mississippi
6a174c1c,423 Bell Heights,Brittanyberg,Virginia
79c147c7,891 David Run,Port Kevin,Vermont
0202861c,71760 Rogers Spur Apt. 296,North Lindseyborough,West Virginia
786e30ef,5508 Nancy Rapids,Port Nicholas,Maine
7b72590b,189 Julie Throughway,West Amanda,Rhode Island
a6855857,17200 Crystal Cove Suite 367,North Chelseamouth,South Carolina
6c0be55c,74089 Jerry Trail,Hunterville,Georgia
6ab01563,23583 Kari Highway Suite 602,South Christianland,Florida
48622a67,101 Torres Junctions,New Micheleburgh,California
453432cd,57608 Gloria Common,Smithton,Delaware
533c9a31,63968 Shawn Junction,New Nicolemouth,Massachusetts
3dbba3af,8107 Hardy Causeway,Wernermouth,New Hampshire
bdee9231,8978 Nelson Brook Apt. 912,Wrightport,West Virginia
0b82b61c,5240 Berry Centers,West Andrew,South Dakota
ae6b4c8e,856 Clark Port,Lindabury,Pennsylvania
aa099a46,457 Burke Extension Apt. 290,Martineztown,Washington
b38e5adb,4064 Medina Plaza Suite 536,Port Adam,North Carolina
92b95731,357 Jessica Gateway,West Jacob,Wisconsin
dd6d47e4,66660 Gomez Port Apt. 945,South Thomashaven,Florida
9b87cc5e,378 Jenna Shoal Apt. 780,Port Zacharytown,Wyoming
c47e330e,50220 Blackwell Fields,South Deannaport,Missouri
c8a17945,51105 Gregory Ridges Apt. 578,Alvarezton,Ohio
9c921e7f,66376 Sabrina Garden Suite 691,Whitneyhaven,Mississippi
c0e0d55b,722 Wells Estate Suite 815,Douglasstad,Wyoming
83719849,65678 Oconnell Lodge Apt. 220,Lake Kimberlyborough,Rhode Island
44c8fd00,92627 Sabrina Unions Apt. 965,New Morgan,Arizona
5ad8712d,178 Baxter Junctions Apt. 033,Robersonport,Louisiana
4879996d,5873 Chen Knolls,Ramirezfurt,Wyoming
14e16706,52125 Jesus Cape Apt. 680,North Lorraine,Rhode Island
56fe2301,536 Anita Square,Martinezmouth,New Mexico
5f653800,37931 Middleton Roads,Nicolemouth,New York
6951743e,23126 Zimmerman Fords Suite 006,North Melissa,Pennsylvania
ef89c2e7,94102 Sims Port Suite 187,Florestown,Delaware
4ef0ba9b,5833 Clayton Crossroad,Anntown,Colorado
39b66d71,00415 Levine Shoal Suite 038,West Carla,Missouri
ae63ad3a,32342 Andrea Glen Apt. 236,East Katherine,Florida
e53428bb,07396 Wells Mill Apt. 745,Melissafurt,Montana
b311d9c4,400 Cathy Expressway Suite 367,Micheleland,Pennsylvania
a83299e9,69028 Robert Isle,Lake Bryan,Florida
208a888e,96284 Sullivan Village,Lake Maryside,Georgia
dfde522d,7788 Christopher Mill Suite 687,Stonebury,Georgia
3d992624,759 Good Port,New Russell,Kansas
835875c3,10524 Parker Mall Suite 531,Port Courtneyhaven,Alaska
00dd28b3,419 Conner Street,North Patricia,Indiana
a6d5eb2e,315 Nelson Plain Suite 348,Jonesfurt,Delaware
9ab1874e,5303 Lewis Springs,Port Adrian,Kansas
93c3150d,3032 Michelle Drives,North Daniel,Connecticut
df9e407a,04164 Todd Mountains,Zacharyberg,Rhode Island
32ca1ebe,61604 Kevin Pine Apt. 850,North Christopher,Wisconsin
9a3bb7be,41634 Perez Rue,Jacobtown,Pennsylvania
4896c62c,18869 Clark Meadow Apt. 875,East Christinachester,New Hampshire
a63cca75,0015 Kenneth Centers,North Colleenberg,Rhode Island
a607dc9d,8505 Phillip Throughway Suite 842,Brandonview,Washington
ba71d935,042 Wendy Glen,South Jonathan,Tennessee
e1b9f50e,77198 Donald Mountain,New Jonathan,Maryland
48040c13,106 Peter Oval Apt. 201,Lake David,Montana
ff9e16ef,7210 Moreno Pines,Bergmouth,Rhode Island
454b57c1,4037 Powell Streets Apt. 273,New Shelley,Illinois
9ba78849,60035 Wilkerson Unions,Sarashire,Delaware
e97a194e,73065 Kelly Glen,Kerrton,Maryland
744d7325,1492 Johnson Bridge Suite 063,Hudsonport,Alabama
71db0784,1298 Amy Glens,Port Kristinaberg,Arizona
bc896faf,33361 Ortega Key Suite 080,Cohenview,Virginia
7b6c0adb,6451 Steven Road,Williamland,Wyoming
f323e434,169 Hooper Burgs Apt. 668,Jeremybury,Hawaii
4ab50701,6306 Morales Rapids Apt. 815,South Douglasberg,Arkansas
0399a6c0,803 Joyce Fort Apt. 210,New Marychester,New Jersey
c6400708,8443 Morrison Neck,Markshire,Wyoming
0077c6f0,88454 Jones Viaduct Suite 079,West Rachel,Maine
bc7300c9,787 White Greens,North Michael,Utah
9d02e44c,930 Taylor Mill Suite 910,Robertsborough,Nevada
33b9426d,7920 Sandoval Manors Suite 424,Greenbury,New Jersey
842f9dad,9316 Herring Corner Suite 852,North Davidstad,Alaska
234e85fe,1015 Wilson Haven Apt. 349,North Peterberg,Massachusetts
3c0294d5,7372 Marisa Lodge Suite 646,East Jessica,Ohio
27ce5dba,05190 Mary Throughway Apt. 399,Claytonville,Connecticut
5503ca91,627 Brandon Inlet,Aguilarmouth,Rhode Island
7c88ad60,02983 Rachel Stream,Ronaldhaven,Maine
b6455b67,834 Brown Wall Suite 723,Port Amyville,North Dakota
50464be1,2680 Simmons Haven,North Terri,Oregon
2f25a8cd,6453 Ashley Port,Port Travisbury,Indiana
c487af5d,73786 Mcmahon Drives Apt. 871,Garrettmouth,Washington
3d384383,40279 Carl Glen,South Kathleen,Hawaii
eae9c546,14470 Rodney Greens Suite 991,New David,Mississippi
baaa418b,53799 Sydney Parkways Apt. 735,Matthewtown,Nevada
ead6b26a,2727 Robert Roads Suite 510,Lake Michael,Texas
82519225,093 Brooke Mountain,South James,North Carolina
b3583058,532 Ferguson Squares,South Monica,South Carolina
3f93c895,5640 Sara Lakes Apt. 150,Valenciachester,Indiana
e2ab5667,0575 Marcus Lakes Suite 118,Debraport,South Carolina
73972e0a,8839 Gina Parkways,Wilsonton,Kentucky
6199c4e4,334 Lopez Ports Suite 216,Port Jamie,South Carolina
59b5b7a3,565 Amanda Trail,New Thomas,Pennsylvania
836ab7d8,0185 Patterson Forks,Port Robertfort,Washington
60ed434d,6092 Juan View Apt. 602,West Chase,Illinois
b60bfaff,3035 Mullins Lock,Heatherbury,Illinois
b809c164,6820 Newman Ports,New Jenna,Vermont
65200e98,976 Wyatt Burg,West Michael,Massachusetts
9394eb11,00927 Martha Villages Suite 468,New Thomasview,Kentucky
544ee3e6,6529 Bryant Mall Apt. 305,Gallegosmouth,Delaware
d171a798,9807 Robert Ranch,North Alexis,Kentucky
59bcecf4,5745 Morris Hollow,Clayfort,South Carolina
e5286510,10592 Nicole Hollow,Nicolebury,Tennessee
df9a4639,685 Bradley Brooks Suite 962,East Darlene,South Carolina
b1cd9569,4276 Debra Street Apt. 116,South Brittany,North Dakota
3a1e1faa,048 Perry Island Suite 400,Cortezville,Texas
d04ed07f,7734 Mccullough Hollow Suite 398,Rodriguezfurt,Illinois
f6863ab0,65335 Rodriguez Way,Reynoldsport,Louisiana
40dafcb0,587 Davila Flats Suite 058,Whitneymouth,Oregon
a03cf061,639 Jerry Grove Suite 242,Brandonbury,Mississippi
22f059bc,43146 Morgan Street Apt. 183,South Jaime,Mississippi
8a2a1b8e,4429 Philip Station,West Cynthiafurt,Oregon
9ccb8846,996 Dunlap Lodge,East Autumnburgh,Massachusetts
c5fe5c77,93046 Miller Rest,North Jillbury,Colorado
6919102b,81326 Clark Lodge,Lake Kathleen,Virginia
7c146f02,64315 Matthew Neck,Kelleybury,Montana
0e22b629,79662 Sandra Club,South Carlaland,Indiana
b8b1205e,4940 Rodriguez Lakes,Madelinemouth,Virginia
2c15323b,383 Flynn Common Apt. 973,New Michaeltown,Pennsylvania
29bd9a88,21567 Dean Lodge,New Sarahberg,Hawaii
2d2d06c9,98978 Raymond Lane Suite 579,Paulville,Florida
461e3ae9,0470 Campos Prairie Suite 768,Christyland,Colorado
e94f51b2,5862 Hutchinson Run Suite 630,Walkertown,Texas
75333dba,0092 White Mount Suite 975,Denisestad,Idaho
9bcd6b87,67047 Mccoy Vista Suite 968,South Taylorport,Kansas
9c5ea35b,86651 Dawn Island,Lake Harryside,Kansas
27754a94,072 Ryan Union,East Fredtown,Indiana
e78824f5,0874 Carroll Roads,Kellyfort,North Carolina
3ebbedc5,1659 Logan Squares,Angelaberg,Hawaii
121836b8,71018 Sarah Plains,Elizabethstad,Arizona
9298fe29,37020 Shawn Freeway,Davismouth,Utah
b195c85b,03531 Meghan Forge,West Andrea,Louisiana
d98043a8,3585 Jenna Forges Suite 674,Candiceland,Alaska
cd8f1e8b,290 Graham Ville Apt. 381,Huffmanburgh,West Virginia
c801c67c,0068 Tony Turnpike,New Brandonchester,Indiana
f882006a,2393 Rodriguez Trail Apt. 402,Michaelhaven,Michigan
8f9875b3,80435 Patrick Islands Suite 092,Jerryport,Florida
0a999085,296 Devin Path Apt. 335,Latashamouth,New York
4af372be,41966 Sergio Bridge,Laceyburgh,Minnesota
6f25cbe2,8051 Ramirez Prairie,Lake Victorborough,Colorado
4e49720d,41631 Michael Corner Suite 663,Theresafort,Arizona
01225ce9,973 Amy Plaza Apt. 900,Munozchester,New Mexico
980b5c39,25104 Leslie Valley Apt. 386,West Adrianland,Wyoming
e842be8d,462 Lam Hollow Apt. 848,South James,Nevada
2080dd12,76784 Mullen Manors Suite 076,New Kelly,Massachusetts
55a0fcb3,4562 Bennett Prairie,Port Kristinside,Wisconsin
92f42460,950 Michelle Crescent,South Timothyfurt,Oregon
1a34e471,92729 David Meadows,Matthewstad,Nebraska
ee653a5b,245 Sanchez Prairie,Robertsmouth,South Carolina
1050c962,5719 Maureen Ridge Apt. 630,Jerryville,Washington
b3b29a37,517 Ebony Row Suite 901,South Heather,Wyoming
09596997,64458 Jamie Street Apt. 503,Camposland,North Carolina
a986778f,73933 Reynolds Plains,West Ashley,South Carolina
cb7a7f7a,568 Andrews Prairie,Charlesfort,Minnesota
20c4d3f8,66607 James Fall,Port Angela,Montana
0399923f,251 Jeff Stream,Larsonton,South Dakota
3c73246d,89435 Campbell Loop,New Marychester,Iowa
fa4619f2,272 Sara Meadow,Stevenside,Michigan
f7141590,8302 Nicole Springs Suite 097,South Danielside,South Dakota
255753d9,095 Larson Field Suite 586,Clarkstad,Rhode Island
2fcaabb7,02461 Hall Viaduct,Port Geraldport,South Carolina
1e1eedd9,270 Arroyo Forge Apt. 608,East Williamport,Maine
2844a59e,958 Hurst Lock,Mcdowellville,Idaho
98aa1f36,99111 Sheila Forge Suite 385,North Christinahaven,Washington
4e988ff0,33739 Monica Forge Apt. 323,East Ericville,Texas
b8a8d409,7923 Villanueva Court Suite 216,Port Timothyfurt,Idaho
301f5124,836 Victoria Station Apt. 262,North Tina,New York
b4703ff7,1769 Robertson Spur,Port Andrew,Wyoming
0157586f,06431 Ashley Glens Apt. 765,New Patrick,Arizona
8169460f,8616 Lopez Club,Nguyenchester,Georgia
29bc0aad,2983 Charles Falls Suite 234,Summersberg,Hawaii
40faecc1,6604 Robert Plains,Wilkinsville,Ohio
09525f64,995 Tammy Pike,East Joel,Nevada
01de1868,771 Waters Causeway Apt. 262,North Johnchester,South Dakota
e5a60ddb,2862 Perez Extensions,New Haileyhaven,Utah
52342183,946 Emily Garden Apt. 646,Brooketon,New Hampshire
d82ba5f7,08538 Shelby Lock Apt. 642,East Edward,Illinois
c550027e,657 Curtis Isle Apt. 898,East Patrick,Florida
efdc9584,760 Michael Ridge Suite 130,Ianshire,Maryland
9cedd191,5550 Benjamin Lane Suite 882,East Hannah,Indiana
10e15c52,793 Ann Rue,New Randychester,Colorado
8eeec716,77730 Justin Unions,West Toni,Delaware
09f5f7ab,94042 Oconnor Underpass Suite 940,Jerrymouth,Hawaii
8e89f54b,1078 Erickson Island Suite 061,Kellymouth,Michigan
7155e904,52274 Gallagher Crescent,South Ryan,New Jersey
9bec11a0,197 Hickman Streets,Georgetown,Virginia
178ed5d7,94064 Weaver Trace,Christopherhaven,Arizona
c82f1b36,03044 Murray Loop Suite 167,Terrenceborough,Alabama
63901ff6,72420 Gray Place Apt. 086,Hartborough,Michigan
4a20dad7,180 Natalie Streets,South Markhaven,Wyoming
c0c8489e,404 Cruz Key,Aaronview,Montana
d3189500,497 Davis Falls,Port Pamela,Tennessee
8f2f9889,0526 Melinda Field Suite 848,Sellerstown,New York
9b19122b,34165 Carter Landing Apt. 988,Lake Sarabury,Tennessee
a5da81af,884 Thomas Spur Apt. 803,Sarahburgh,Virginia
83ab80c7,2852 Deborah Burgs,Jacksonview,Wyoming
142ea869,166 Salazar Mills,West Elizabeth,Mississippi
285fe1cc,83367 Gary Knolls Apt. 252,Pagestad,Minnesota
ea471f3c,728 Carrie Wells Suite 486,Stewartmouth,Wyoming
16d4287e,63164 Kenneth Ville,Blanchardtown,New Mexico
1b006c9c,9105 Scott Neck,East Vincent,Kentucky
5e8d899c,7127 Mary Rue,New Tiffany,Washington
5af417eb,8378 Heather Via,Justinbury,Hawaii
1a122092,2435 Danielle Mountains Apt. 296,Lake Rachelton,Rhode Island
80137073,4003 John Ridges,Elaineborough,South Dakota
c6ef05d1,99422 Lindsey Cape Suite 491,Edwardshaven,Alaska
d5718bde,8113 Williams Ridges,Clementsmouth,Nebraska
92c7ad46,6752 Joanna Parkway,South Jennifer,Kansas
aa823b2b,6018 Ramirez Turnpike,Jeffreyville,Texas
8fa93908,4136 Shawn Station Suite 274,West Karifort,North Dakota
04522960,990 Kayla Isle Apt. 788,Barajashaven,Maine
ea4b0689,900 Daniels Shoal,Muellerside,Oklahoma
7241e4ca,65290 Angela Summit,Lake Adrianside,Nevada
8b116670,113 Allen Pass Apt. 210,North Daniel,Florida
f101b856,313 Navarro Estate,Lake Sethtown,Utah
e890c0ff,19998 Kelly Villages,Howardmouth,Iowa
c5db2a8a,0962 Wilson Branch Apt. 329,Joshuamouth,Washington
464af45f,6368 Charles Prairie,Lake Ronald,Indiana
b97c9cf7,931 Jacob Parks,Phillipland,Colorado
e55766e3,41343 Willis Highway,Port Ashley,Connecticut
90bf3778,2773 Cynthia Stravenue,Port Summer,South Carolina
7519a064,9921 Heather Hill Suite 055,Grantmouth,North Carolina
4d651d4e,769 Monique Spur Suite 064,Port Katherineport,Indiana
ff4ab7c5,167 Miller Fort,Parkshaven,New Jersey
30136ad7,0515 Stout Estate Apt. 380,Beckerburgh,Kentucky
85a7df40,383 Benjamin Wells Suite 651,North Lauraton,Kentucky
227b402a,1134 Bradley Unions Apt. 682,West Jenniferville,Tennessee
0af8d933,24982 Anthony Street,Port Austin,Connecticut
0aa809b3,1771 Emily Keys,Davidburgh,Maryland
651e18f1,2548 William Gateway,East Jerryside,Illinois
08701fe3,03071 Juarez Summit,West Tabithaberg,Mississippi
8d81fde1,493 Graves Rapids Apt. 399,Patriciaburgh,Colorado
bae9627d,548 Ellen Summit,East Charleston,Kansas
461e98a2,8000 Wilson Stream Suite 040,Braytown,California
9c6c7908,340 Riley Roads Suite 908,South Angela,Illinois
14147859,16730 Bowen Terrace,New Toddport,Idaho
3724f87a,89871 Hall Street,Williamton,Alaska
dc8d4152,551 Sabrina Spurs Suite 526,Cristianmouth,Missouri
26553bdc,93912 Davis Ridge Apt. 612,New Brittany,Oklahoma
696faee3,875 Peter Forges Apt. 482,Hendersonport,Connecticut
c178c93f,70453 Deborah Drives Suite 531,Jimenezchester,New Mexico
1fafee59,18048 Stephen Plaza Apt. 084,Port Darren,New Hampshire
b770dcc6,84537 Moran Views Suite 671,Lake Cassidytown,Pennsylvania
b0da610f,354 Whitehead Forges Apt. 005,North James,Nebraska
2e0f774a,7016 Alexis Spring,Stephenside,Texas
cf24692e,55308 Pierce Burg,New Alexandraborough,Indiana
c9e66c04,98520 Collier Mountains Suite 126,West Melinda,North Dakota
b1896ef3,1129 Garcia Square Suite 526,North Shawn,Louisiana
463e3b4d,8640 Marshall Crest,North Nicholeshire,Arizona
d0eb3f91,50760 Heather Courts,Emilyhaven,Alabama
1cfc3591,3960 Rhonda Keys Apt. 680,Cranebury,Washington
7feac215,1753 Drake Burg Apt. 102,Christinaberg,North Carolina
628f87a0,2269 Mayo Locks Apt. 578,West Paul,Washington
1d31399c,12541 Charles Branch Suite 683,North Michaeltown,California
c5110450,182 Christopher Prairie,Lake Angela,Massachusetts
7fe865b3,0887 Amanda Roads Suite 523,Lake Jeantown,Texas
1a1c2748,3291 Margaret Via,Davidfort,New Mexico
9355ac4c,10195 Brown Shore Apt. 830,Lake Christinaton,Nevada
592f7f93,242 Trujillo Station Suite 713,Claudiaborough,New Hampshire
72a8eb24,83000 Bruce Motorway Suite 739,West Tina,Missouri
164f325e,0041 Reynolds Stravenue,Johnsonville,Virginia
704530ad,064 Pamela Fort Suite 809,North Briantown,Alaska
7c7e845d,50644 Campbell Burgs,East Lindsey,Alabama
885246f6,658 Omar Parkway Apt. 062,North Tinaton,Texas
5e7cdcd7,40455 Rowe Estates,South Ashleyborough,Idaho
3a490417,635 Porter Haven,Klineborough,Nevada
4fd8bca0,451 Floyd Wall Suite 744,Nicoleton,Minnesota
7575fc82,848 Lawrence Mountains Apt. 984,East Susan,Washington
6b00d53b,88181 Donald Radial,Lake Wendy,North Dakota
bd0a52cb,18087 Sean Terrace Suite 951,West Richard,North Carolina
bd8dc7f9,782 Ward Trafficway,Loganville,Alabama
99298f6d,322 Paige Groves Suite 754,North Stephaniebury,Colorado
ceaf77d4,950 Steven Mountains,West Oliviaside,Kentucky
e40315d5,661 Tammy Plains,Billychester,Hawaii
53b52c66,98467 Daniels Locks Apt. 506,Rosetown,North Dakota
142d58d4,3391 Katie Junctions,South Juliefurt,Virginia
8181a4f1,57970 Michael Falls Apt. 605,Lake Kayla,Vermont
9ab7e08b,4996 Thompson Underpass Apt. 963,Brandonton,Vermont
df4475a7,795 Nguyen Corner,Ramirezport,New Mexico
dc67efd7,1532 Decker Parkway Apt. 943,West Sharonmouth,Maryland
ebc54b18,416 Bender Course,North Christopher,South Carolina
40e98baa,29436 Thomas Isle,Port Robert,South Dakota
2eb577f3,440 Chambers Pines,Lake Juan,Wisconsin
c78641ce,35781 Sheryl Underpass,West Kathryn,South Carolina
bcfd0786,36308 Newman Estate Suite 390,Port Chelsea,Alabama
2a354c51,838 Robles Field Apt. 655,New Nicolebury,Louisiana
78e224a7,995 Anna Dam,Jasonshire,South Dakota
18675f9e,8865 Katie Flats Apt. 160,Lisafort,New Hampshire
cb087c3f,4978 Kimberly Street,Melissafort,Pennsylvania
8e233e25,377 Leah Lodge Suite 345,Lake Victoriaport,South Dakota
82463114,99542 Phillip Stravenue,West Michelle,New York
8837d65f,09318 Tran Ferry,South Robertstad,Oregon
b91a6f9f,94012 Graves Extension,Lake Jenny,Montana
8d438259,522 Frazier Union Apt. 507,South Tiffanyfurt,Colorado
8326e0bf,59644 Jimmy Underpass Suite 516,Vegatown,Nebraska
2aa941d6,19426 Jason Dam,Huntershire,Arizona
117a9d3a,67872 Felicia Corners,North Carrie,Delaware
918b1115,67558 Reginald Key,Booneburgh,Maryland
f893379e,6058 Parker Cliff Suite 170,North Jennifer,Pennsylvania
67bed27b,7570 Isaac Track,Port Melanieburgh,Arizona
8601de2a,109 Thomas Square Suite 245,Tonyborough,Alaska
78a4c61c,8207 Jason Lane Apt. 744,New Amy,Mississippi
d163d082,756 Jimenez Corners Suite 953,South Daniel,Washington
3486964b,3590 Sarah Lock Apt. 721,West Dennismouth,Michigan
c5c32fa9,3270 Damon Rapids Apt. 010,Nelsonfurt,Rhode Island
5950a488,4375 Green Hollow,South John,Indiana
8f71c060,033 Wood Alley Apt. 965,North Bradleymouth,Louisiana
6f5ebd0b,3993 Kimberly Extensions,Charlesshire,Delaware
08532b75,445 Hall Turnpike Apt. 917,East Amy,Delaware
44721157,9363 Denise Forks Suite 699,Adamborough,Indiana
8cede044,67569 Christine Row,West Roy,New York
c267e625,079 Todd Dam,West Jason,Connecticut
b1c2a90f,72543 David Inlet,East Tami,Delaware
6f4c5ed5,039 Holloway Circles Apt. 006,East Michael,Kansas
1aaa01e7,241 Tracy Forest,Zoefort,Mississippi
89f586d2,29881 Rebecca Stravenue Apt. 131,Teresaton,New Mexico
bbdfbdd3,39846 Renee Brook Apt. 211,East Jeromemouth,Massachusetts
c920942a,6817 Washington Rest,Stacyfort,Oklahoma
2cc0ce97,919 Anderson Lakes,Theresastad,Illinois
0d1c14bd,0901 Christopher Groves,New Kent,Connecticut
2194309c,99912 Burnett Manors Apt. 479,Masonmouth,Colorado
01c5887c,55588 Cook Freeway,Kimville,South Carolina
fb366f4c,7077 Willis Pines Suite 664,West Annamouth,North Carolina
493f222b,218 Nguyen River,Port Thomas,Iowa
6b87c88f,29672 Garcia Place Apt. 211,North Stevenfurt,South Dakota
69ffdeae,22159 John Key,Mcculloughfort,Wisconsin
c474a200,14729 Wayne Pass Suite 172,Johnsonland,Utah
5b32db8e,168 Jesus Locks Suite 364,Watsontown,Oklahoma
e705399a,1210 Christopher Avenue,Mckenzieshire,North Dakota
a5305719,61567 Maria Pines Apt. 615,Vaughanberg,North Dakota
dd713073,677 John Via Apt. 509,South Neil,Minnesota
824dad6d,6872 English Dale Suite 734,Lake Katelynstad,Tennessee
121e980d,7825 Michael Streets Apt. 591,Schneiderborough,Maine
7775e69c,54941 Vanessa Street Apt. 989,Charlesfurt,Oklahoma
542c2950,0720 Kathryn Turnpike,Howemouth,New York
84948a27,94815 Rodriguez Springs Apt. 865,New Rachel,New York
dc683d22,496 Smith Branch Suite 821,Kingfurt,California
f6e30100,88424 Heather Wall,Markburgh,New Mexico
bb3cb9f4,99429 Nancy Wall Apt. 588,Rodneyfort,Illinois
bcc80f67,83384 Zachary Shores Apt. 618,Jerryport,Alabama
fa843a74,017 Contreras Via Apt. 650,Kirbytown,Alabama
702aba94,0771 Gabriela River Suite 269,Karenville,Washington
c897a233,834 Mitchell Rapids,Port Daniellestad,Oregon
64e93e92,1572 Thomas Locks,Serranobury,Connecticut
a285743e,6454 Kerr View,West Amyshire,Connecticut
b467d8ac,7139 Johnson Road,Cooperport,Massachusetts
e3b8e422,39889 Valenzuela Trace Apt. 840,Valdezview,Indiana
2a46674d,87227 Cory Hills Suite 643,Lake Brookeborough,Kentucky
3a220b80,185 Anna Forest,Ortizton,Vermont
ac8633ef,8615 Hall Trafficway Apt. 189,Dixonmouth,Tennessee
3010b71e,93073 Parrish Squares Suite 403,New Eric,Colorado
da005e4b,34106 Catherine Drives Suite 954,Kathrynbury,Arkansas
fbd02aee,85424 Denise Squares,West Marie,New Hampshire
c2d0a47e,02290 Maldonado Knolls,Huntstad,Texas
c7006938,1512 Mendez Throughway,South Robert,South Carolina
d7db31c9,0711 Michael Light,Johnsonburgh,Hawaii
f1506f88,28990 Julie Port Apt. 715,East Kathleenstad,Tennessee
340ba749,8795 Matthew Divide Suite 134,Lake Ashleyview,Florida
11dac03e,3435 Greene Isle,Velazquezview,Michigan
1f216fbb,5804 Krista Pines Suite 637,East Michael,North Dakota
e623b4bc,1966 Garcia Harbors,West Donaldbury,South Dakota
0a843679,811 Riley Mount Apt. 033,Lake Patty,Louisiana
d1ec3803,5525 Martinez Fork,Jacksonchester,Arizona
06ec2078,24499 Soto Plaza,East Veronicaborough,Pennsylvania
08ea0e5f,20202 Hunter Gateway,Jeffreyberg,Ohio
bc1e4824,5249 Heather Summit Apt. 090,Lake Paulborough,Arkansas
075c0f2b,042 Jessica Parkways Suite 398,Curtisport,Delaware
4f986ecd,23714 Miller Road Apt. 569,Alexismouth,Vermont
082c17ac,22187 Richards Way Apt. 606,Marcmouth,Tennessee
ff2b2a03,237 Hall Ridge,North Jenniferhaven,Kansas
44199f37,901 Mitchell Port Apt. 005,South Tiffanyburgh,New York
9b593b12,2943 Ashley River Suite 221,Simsstad,Virginia
3e9a27a4,99460 Carol Green,Loriberg,South Carolina
27930aca,542 Daniel Stravenue,Port Heatherhaven,Connecticut
e48701f9,18630 Baxter Extensions Apt. 871,North Jessicahaven,Michigan
5ac18a82,3623 Nicole Haven,Johnhaven,Alabama
4d3e2973,687 Pratt Flats Apt. 828,Elizabethtown,Missouri
800be79a,06915 Michael Way Apt. 945,Lake Amandaland,Tennessee
b687ff2c,869 Corey Road,Owensport,New York
f4664b68,49187 Mcgee Circle,West William,Arkansas
18430d22,1989 Harvey Grove,North Amberfurt,Wyoming
a247d389,3126 Patrick Way,Jacksonland,Delaware
7206c326,3382 Charles Camp,Port Jennifer,Mississippi
1eeb4c1b,39959 Lopez Squares,North Alecville,Ohio
887a52d5,03216 Levy Corner Apt. 182,West Maria,Louisiana
f1216100,697 Jones Points,North Donald,Utah
9bbb143d,834 Francis Field Apt. 994,Sherryside,Maryland
75521688,124 Angela Neck Apt. 536,West Anita,New Jersey
fc7fddb3,2859 Torres River Apt. 970,Lake Annabury,New Jersey
7580fd68,0504 Johnson Springs Apt. 766,New Cynthiaview,Ohio
c3f3ef8d,8532 Lawrence Plaza,Matthewburgh,Colorado
e711350a,1705 Cox Underpass,Clarkmouth,Virginia
881980ee,56509 Smith Stravenue Suite 549,Sotoland,Iowa
318bd9a9,4002 Chambers Neck,West Ashley,Alabama
621558bb,8835 Ashley Meadows,East Dawnland,Kansas
6982bf12,7446 Lopez Cliff Apt. 776,South Whitneybury,Michigan
f9d5717c,93053 Randall Road,Michaelmouth,Idaho
0390b314,43469 Lamb Inlet Suite 104,North Kevin,Nevada
b53bbcf9,282 Kristine Fork,Barbaramouth,Georgia
bcd83ea2,3045 Maria Harbors,East Dawn,Connecticut
be4fb904,46894 Campbell Passage,Ruizstad,Hawaii
023136fe,682 Justin Club,New Kaylaburgh,Oregon
653e2d25,6548 Brittney Lodge Suite 445,New Samantha,Mississippi
061e70d0,9172 Crystal Road Suite 625,Powellmouth,South Carolina
bf2ea0e8,5693 Hannah Vista,West Joseph,North Dakota
7516b4be,8350 Robert Walk Apt. 742,Lopezberg,Ohio
6269a9f1,20263 William Valley Suite 044,New Nicole,Iowa
626fe15f,886 Pearson Dam,North Courtney,Iowa
34ba7b4a,5596 Matthew Court,West Billport,New York
a9b63c5b,046 Haley Street,East Anthonybury,Missouri
13e0a541,803 Medina Corner Suite 526,Robinsonbury,Oklahoma
b79c4280,4701 Cooper Underpass Apt. 730,Ramirezstad,Alabama
3ab82fdc,0786 Hall Station,Reynoldsborough,Massachusetts
3b2d7f8a,4326 Candice View,West Christopher,South Carolina
fac4ccae,886 Ronald Hill,East Timothyland,Alabama
6cbcb192,2939 Wilson Ford,Vickieside,Maryland
07f3d3f2,421 Adams Extensions,Adamsmouth,Kansas
fdcca8c7,562 Timothy Islands Suite 170,Fordshire,North Carolina
c33af39f,94164 Jeffrey Wells,Lake Anna,Alabama
7800195d,6938 Reyes Circles,North Erinchester,Virginia
e13957cb,02939 Ashley Coves,Jimmymouth,Oklahoma
2db462cd,7750 Mullins Village Suite 754,Teresaside,South Dakota
6878bc5d,9833 Johnson Heights,Lewishaven,North Carolina
0abe3eda,06266 Mary Forest Apt. 473,New Elijahmouth,Arizona
dd2252eb,7512 Kelly Burgs Suite 469,Johnsonton,New Hampshire
d4e839e1,307 Williams Summit,Grayhaven,West Virginia
a5e4e1c9,56037 Hines Summit Suite 775,Hernandezmouth,West Virginia
967def2d,434 Marcia Lake,Nathanberg,South Carolina
b8d49be4,28864 Jessica Pine,Toddview,Nevada
591229e3,19863 Cindy Views,Richardmouth,Connecticut
145d09d1,4585 Walls Valley Suite 557,South Melodybury,Virginia
8e940c02,74192 Shane Center,Port Sarahfurt,South Dakota
54e09a34,328 Kim Mountain Suite 240,East Prestonbury,Illinois
7a4a418c,6574 Jacobs Corners Suite 815,New Cristinaborough,West Virginia
251224e0,732 Lowe Route Apt. 120,West Jasmin,Kansas
60271321,81202 Galloway Rue,New Joseph,Washington
25fdaaaf,01633 Heather Village Suite 174,Houstonfurt,Nebraska
b3f4b4a1,7343 Cherry River Suite 643,South Henry,Virginia
1716fbb5,9286 Jason Glens Suite 445,Aguirrechester,Mississippi
2d3f5825,25619 Jamie Crossroad Apt. 444,Sarahtown,Alaska
ad0b08a9,71835 Salas Mountains Suite 750,Lake Carla,Missouri
9e3581f4,491 Natasha Green,Robbinsmouth,New Jersey
85904aef,89087 Braun Dam Suite 509,Lake Lawrence,Mississippi
5887d1d4,021 Timothy Parks Suite 987,Howardshire,Vermont
1bec57d4,9129 Jose Park,Jamesport,Maryland
dd1902c4,27541 Anderson Square Suite 166,Jamiefurt,Tennessee
d620b0e0,173 Franklin Manors Apt. 204,South Catherine,New Hampshire
b84fd2cb,3491 Tiffany Extensions,Rodriguezside,Maryland
412408d8,094 Smith Springs Apt. 746,Colonhaven,Connecticut
83473088,3332 Gaines Landing Apt. 934,Meganburgh,Massachusetts
16d1eeb6,156 Brandy Corners,New Derrick,Arkansas
fd80c5a6,92306 Bell Lock,North Connie,North Dakota
23458ba9,229 Norris Skyway Suite 903,Coffeyfort,Vermont
a40ea674,95023 Amanda Groves Suite 139,Lake Anthonyhaven,Maine
9cd2d979,078 Jenkins Court Apt. 305,North Alexander,Texas
ef1e7939,471 Jessica Mount Suite 859,South Christianfurt,Delaware
f4e0e213,0302 Robert Springs Apt. 078,Breannaside,Kentucky
e237e16c,6725 Robert Extension Suite 127,Beltranland,Nebraska
5d41cd7c,10853 Gregory Plains Suite 087,Lake Robinville,Arkansas
8c0fc291,5741 Deborah Landing Suite 259,Ericton,Utah
3b4369ec,33720 Bean Oval,Luiston,Louisiana
a90e80fa,7364 Brandon Meadows,Jimenezchester,Idaho
691911e6,149 Ferguson Falls Apt. 715,Owenchester,Oklahoma
e7247c73,57451 Matthew Gateway,North Penny,Virginia
3c28adf4,77439 Jessica Harbors Suite 082,New Colleen,Alabama
9e283aba,471 Eric Flats Suite 320,West Michaeltown,New Jersey
a68ed14c,3662 Silva Pike,Gilbertshire,Colorado
4cf5c727,164 Knight Roads Suite 000,Burkeberg,Indiana
e1ca4f82,40893 Kyle Lake Apt. 326,South Paul,Connecticut
4e3693c3,9775 Turner Groves Apt. 079,Riverafurt,Connecticut
840d0bc3,9427 Rodney Course,West Tamara,Wisconsin
0a280704,7399 Cain Courts Apt. 871,Jenniferside,Delaware
c567dc67,3389 Campos Trafficway,Juliahaven,North Dakota
a1e2252d,12637 Greene Views Suite 416,Susanbury,New York
54ff0336,92632 Lisa Ranch Apt. 508,Martinezton,Colorado
fce3e8d2,0017 Michael Crescent Suite 268,Lake Kaitlyntown,West Virginia
a3bedc07,90584 Rebecca Trafficway,West Dana,Delaware
7ab831ba,2948 Taylor Drive,Lake Alexis,Nevada
0411604a,51085 Matthew Field,Port Bailey,Alaska
599d738b,4229 Haley Viaduct Suite 421,Robinsonberg,Minnesota
fac0a824,36428 Reynolds Burgs,East Emily,Kentucky
c2111916,21492 Johnson Inlet,North Conniemouth,Idaho
86199cd6,0302 Perez Squares Suite 515,New Tinamouth,North Carolina
b7899f96,20522 Fisher Corner Suite 808,East Brendanland,Minnesota
7e80b245,545 Williams Centers,Lake Melissamouth,Tennessee
889279bc,31663 Mcpherson Estate Suite 165,South Jonathan,Wyoming
422f6028,828 Joyce Trail,Tuckerland,Hawaii
36b91cf9,4937 James Lodge,North Michaelburgh,Missouri
7c579871,354 Jordan Manor Suite 746,Kaufmanhaven,Idaho
139d6da5,35691 Hale Ville Suite 102,New Chloe,Wyoming
22ca8092,3249 Michael Ways,Stephanieland,New Mexico
3d3322e6,6375 Coleman Bridge Suite 613,Port Kevin,Wyoming
231e4871,844 James Summit,East Meredithberg,Georgia
15cab027,191 Richard Dam Apt. 137,East Josephville,Washington
ab46c3c2,8185 Rodriguez Glen,North Annaview,New York
ab8ac088,7356 Ingram Spring,Lake Alexandramouth,Kansas
e2357d1f,09819 Shawn Wall,Gregoryborough,Texas
55c9c5fd,84127 Robinson Mountains,West Shaun,Tennessee
fa8b795e,60427 Ruth Creek,Port Natashaview,Wisconsin
8f6fa76a,329 Eric Light,South Dalton,Missouri
0ff8f063,084 Kristin Valley Apt. 855,Nicoleshire,Alaska
a964401a,499 Flores Station Suite 947,South Robinhaven,Montana
b319437b,52960 Victoria Manors Suite 768,Elizabethfurt,Kentucky
7d346803,5039 Anderson Plaza,Nelsonport,Texas
70a6bcff,21025 Jimenez Island Suite 438,Port Michael,Montana
3409ce86,99281 Alyssa Common Apt. 370,Lake Brianhaven,Louisiana
33f5dc0e,40072 Graham Drive,Elaineburgh,Rhode Island
78730643,51315 Rivera Mountains,Keithhaven,Oregon
4fc22b11,516 Cindy Parkways,Beckstad,Pennsylvania
74a6cfe0,8544 Davis Way Apt. 782,Pearsonport,Mississippi
6d563bf4,93278 Carol Stravenue,Williamtown,Florida
f424bb1d,2129 Peters Greens,South Lonnie,Tennessee
4f0d2fdf,569 Jason Mission Apt. 937,Hannahfurt,Utah
2799c776,324 Shelby Dale,Lake Joel,Arkansas
06493841,3287 Philip Mount Apt. 560,West Frankfurt,Oregon
c6131e6e,591 Cook Pines,New Billyborough,Wisconsin
b5e89741,86303 Schultz Road,Brianhaven,New Mexico
47dcfe2f,42339 Kirk Park Apt. 563,East David,Vermont
245c95aa,068 Macdonald Village,Kathleenland,Vermont
11e4bc36,4327 Heather Extension Apt. 953,Craigmouth,Arkansas
e6340d19,519 Drake Drives,Lake Jimmyhaven,Missouri
915964b8,368 Jesus Trail,Smithburgh,Nevada
963d128f,94993 Lisa Brook Suite 927,West Anna,Indiana
bcd6426c,225 Mccoy Radial,South Ronald,Vermont
ee64a0b7,5410 Jennifer Mountains,Lake Alex,Wyoming
c3b4a148,83833 Jeremiah Square Apt. 268,Brianside,Rhode Island
91043e63,61928 Joseph Stravenue,Julieville,Hawaii
354d2248,65688 Williams Circle Suite 136,Dawsonmouth,South Carolina
c80feefc,691 Kevin Gateway,Port Chelseafurt,Mississippi
11709b2b,865 Brown Village Apt. 803,Tracymouth,West Virginia
350917cc,44739 James Courts Suite 190,West Franciscoport,Montana
55ac25d3,0358 Mcconnell Causeway,Leonburgh,Oregon
792ea378,55547 Hurst Cliff Suite 656,West Christina,Iowa
43db2a99,836 Snyder Courts Apt. 025,Jodyborough,North Dakota
2d9a707a,3699 Hernandez Hills,Schmittmouth,New Hampshire
6a71a95b,284 Welch Crescent Apt. 834,Port Kevinborough,Oklahoma
f8e425dd,60957 Wheeler Pike,West Jillianhaven,Indiana
224b2df1,3982 Shirley Neck Suite 099,Bairdland,South Dakota
a6260da4,450 Johnson Avenue,West Andrew,Missouri
59b9439c,4413 Brenda Meadow,Warrenberg,Idaho
0c4565ac,913 Davis Dale Apt. 049,West Gabriella,North Dakota
9577bddc,52060 Timothy River,South Alexander,Oregon
f1321ea3,1092 Moore Pass,Farrellville,South Dakota
8f1e3182,425 Michelle Crossing Apt. 513,North Branditon,Hawaii
814c9a47,01284 Cody Skyway,Jamesview,North Dakota
473929c4,684 Nicole Shores Suite 760,Christyside,Louisiana
ef0573a6,85813 Brittney Ramp Suite 439,Andreastad,Illinois
eb6baa05,67600 Lopez Point Suite 915,Rodriguezfurt,Iowa
a2815025,5276 Jennifer Fall,Fordfurt,Colorado
d6855ef5,8359 Patricia Gardens,North Donna,Louisiana
b04f79e8,17438 Autumn Row,Maureentown,Pennsylvania
6f21a126,55079 Luna Fort,North Taylor,New Mexico
19fbf117,30477 Howell Mews,South Reginald,Nebraska
54c0922d,88852 Martin Roads,Alanberg,Oklahoma
818f6719,97208 Jacobs Pine Apt. 363,Brownmouth,Indiana
7921ad8e,13620 Donna Dale,Collinsfort,California
d73d7c98,301 Katie Island,East Veronicaside,Montana
51f5feb7,754 Amanda Island Apt. 249,Josephside,Georgia
753bdec5,24738 Fleming Flat Suite 272,North Theodoreside,Florida
e95c30d4,80803 Russell Circle Suite 551,Anthonyview,Maryland
6c2b1543,7573 Webster Lake Suite 897,New Scottborough,Nevada
43d43dc1,49166 Baker Forest,Davenportshire,Idaho
b8a3f597,54144 Landry Ports,New Michael,Massachusetts
3dcd6676,0028 April Prairie Apt. 661,Adkinsland,Pennsylvania
5a7a8621,9250 Jacob Crossroad Apt. 177,West Marcusmouth,Missouri
9ecaa36a,7910 Alexander Viaduct Suite 807,Davidshire,California
d978bf30,00178 Robertson Dam Suite 815,New Luisshire,South Carolina
0acaa2e0,43109 James Heights Apt. 309,South Jorge,South Carolina
4bb2c983,0902 Michael Tunnel Apt. 750,South Jeremy,Arizona
a87be992,95019 Smith Oval Suite 463,Lake Cheryl,Mississippi
97fd224b,73578 Lee Club,New Lauramouth,Kentucky
11a572f0,6754 Heather Port,Maryview,Texas
3c9affce,3976 Melissa Stream Suite 217,Fergusonfurt,Iowa
ba825701,95569 Janice Burgs,East Michellemouth,Oklahoma
110a7700,856 Barnes Streets Suite 942,Shannonborough,South Carolina
a2e88a0c,1668 Donaldson Walks Apt. 492,Williamsmouth,Wisconsin
8ccaec2d,8569 Michael Bypass,North Juliaberg,Nebraska
9b4a4894,35366 Clark Springs,Smithmouth,North Carolina
48120484,24439 Raymond Island,Lake Aaron,Pennsylvania
78a2b650,507 Ronald Lock,Johnburgh,Missouri
24dc14be,32315 Brian Locks,Lake James,Maryland
6339fd32,9293 Kathy Dam,West Richardhaven,Montana
df3bdef8,516 Harrington Crescent Apt. 275,Barkerchester,Oregon
abc569bd,17941 Thomas Ports,South Elaine,Connecticut
08a92310,2902 Dana Stream,West Trevormouth,Michigan
cb1b4986,92506 Matthew Springs,Brookeberg,New Jersey
eadeb43e,144 Miranda Green,East Melissaview,Vermont
fe4e9340,118 Hines Plaza,Owenston,Kansas
9cf27c7e,40515 Clark Drives Suite 674,West Darleneton,Nebraska
0c57a581,4594 Jeffrey Lake,Susanchester,Delaware
40158a37,29463 Dakota Spurs,North Kathleen,South Carolina
29bcf3dd,8639 Samuel Flats Suite 203,South Christinashire,Arkansas
d504b4db,429 Mathews Fork Suite 681,Markchester,Mississippi
45e4ae9e,260 Perkins Fort Suite 898,Medinatown,Wyoming
8d528bed,32475 Moore Turnpike,Pachecoland,New Jersey
d36d73c4,55333 Nicholas Corners Suite 522,Jasonland,Washington
6626dc5b,0083 Cox Ridge Suite 408,Port Marcus,Tennessee
3e5cdb9a,96724 David Burg,Barbaraton,Montana
109d3656,22836 Tara Bypass,Alyssaport,Indiana
09673e27,280 Jones Parks,West Justinfort,Arkansas
2196a0c1,516 William Cove,Blackhaven,Maryland
f063fb88,86861 Larsen Circles Apt. 632,North Sandrashire,Idaho
878a85cb,260 Destiny Falls Apt. 129,West Nathan,Georgia
ef99970e,457 Thompson Course,Rogersbury,Idaho
52afc769,7600 Hawkins Trace Apt. 374,South Sarahside,North Dakota
c886d26a,079 Tom Spring Suite 589,Randyhaven,Iowa
0200e41f,1197 Scott Springs,New Veronica,North Dakota
e0f470f8,0826 Rebecca Mall,Aaronbury,Georgia
ecbc6e75,333 Jerry Corners Suite 312,North Richard,Alaska
e363f454,0761 Bell Prairie,Jonesborough,Hawaii
74c5394a,271 Melissa Station,Christianshire,Indiana
a0cf0ff9,12612 Davis Ways Apt. 948,Hurstton,New Hampshire
3dd0da3a,3003 Moss Extension,Barrberg,Missouri
e7c28ec6,13304 Arnold Forge,South Patricia,Maine
497a7ebb,76517 Erik Grove,North Anthonyberg,Tennessee
e37e7059,261 Jason Estates Apt. 312,West Bryan,Massachusetts
13d78a11,15299 Eric Walks Apt. 678,Laramouth,New Mexico
6f797b4a,7790 Alan Hills Suite 096,New Jacobberg,New York
db0cc3ad,75231 Kevin Valleys,Ginaview,Louisiana
88281d33,5642 Lopez Harbors,East Laceybury,Hawaii
17e27cd3,988 Rebecca Falls,Hannahchester,Maryland
a9e2dab4,653 Stevens Village Apt. 339,Thomasbury,Kansas
664f9e57,10509 Andrew Roads Suite 471,Lake Ronaldland,Rhode Island
b1752c14,295 Anita Ways,Christinatown,Colorado
1e3851d9,656 Kenneth Bridge Suite 515,West Michelle,Delaware
64e75fac,37563 Ronnie Shores Suite 299,South Tina,Montana
30d4f35e,278 Barbara Brook Apt. 728,Stephenmouth,Wyoming
b63a5b9d,2607 Gregory Walks Suite 056,Turnerstad,Minnesota
05b8fdae,40652 Middleton Islands,Mullenstad,Kansas
4f4f0796,13580 Benjamin Common Apt. 165,Lake Rachelmouth,Massachusetts
db3e66d2,60816 Philip Fields,East Saraville,Minnesota
35045501,8185 Jones Estates,Port Emily,New York
f14148df,570 William Coves Suite 151,Lewisberg,Idaho
baa8b9cd,1691 Chambers River,South Paul,New York
d3fab45d,647 Walker Locks,North Anthony,Montana
469fcd24,82916 Michael Mountain Suite 099,East Joelland,Kentucky
f40dd261,71452 Bell Harbor,Christopherchester,Alabama
856528d4,304 Marks Isle Suite 592,Lake Suzanneland,Illinois
b2809f13,858 Alvin Landing Suite 046,Andrewfurt,Texas
1ea69f32,0566 Hill Lodge,New Isaac,Pennsylvania
3aa13362,55273 Smith Square,Duncanfurt,Texas
55020482,730 Christopher Plain Apt. 808,Port Davidhaven,North Dakota
28dc763b,61791 Orozco Row,Port Jonborough,Oregon
473214d6,3584 Pennington Island Suite 019,New Sheryl,New Hampshire
da6655be,299 White Garden,New Stephanieside,Massachusetts
2179a1e7,7420 David Port,Franklinland,Nevada
5abff3ff,73246 Dana Lodge,Wangton,Connecticut
8a7b825c,35847 Miller Squares,East Amyfort,Maine
39f69574,6100 Justin Mountains Suite 026,North Karen,New Mexico
5570b66e,525 Betty Inlet Apt. 233,Port Erika,New York
ccbaa2a6,17635 Thomas Land,Jeffreymouth,Hawaii
710f902c,23946 Duran Rue,New Caroline,Wisconsin
26d498e4,06817 Thomas Mountains,West Jennifer,Rhode Island
3578157e,5844 Marshall Harbors Apt. 016,Johnsonfurt,Louisiana
38217127,101 Edward Trail,Nicoleton,Michigan
078090a9,0028 Brown Crossroad,Port Kenneth,Oklahoma
98ab1e7f,050 Patterson Court,Mccarthyshire,Maryland
01c47865,0103 Mccoy Track Suite 541,Port Sierrashire,California
d787be5e,525 Watkins Fords,Georgehaven,Vermont
bad0300c,299 Johnson Ways Apt. 082,Port Christina,Missouri
8e440702,61383 Wilson Ports Apt. 687,Rickeyberg,Maryland
c701a6b0,27320 Julie Plaza,Jonesborough,Florida
f4066073,83452 Matthew Fields Suite 600,Wilsonside,Ohio
5e1e2e54,0129 Daniel Gateway Apt. 802,Cassidyburgh,South Dakota
615ed668,4164 John Inlet,Sarahtown,Kansas
2161b71d,6795 Burke Drive Apt. 007,Dawnburgh,Michigan
dcc62ad3,33220 Sarah Street Apt. 276,North Michael,New Jersey
79a726df,56316 Shannon River Suite 869,Lake Lorraine,Ohio
bf358efb,9921 Christopher Haven Apt. 605,Lesliemouth,Arizona
ee374f1e,4248 Matthews Plains,Markstad,Indiana
660e0a96,4408 Mata Coves,West Logan,Colorado
30162694,65056 Latoya Ports Apt. 257,Bradleyview,Pennsylvania
5b20649e,3880 Michael Underpass Suite 764,South Jon,Michigan
82370d80,2146 Adam Common,Laurieland,Florida
44615d8b,7568 Michelle Light Apt. 824,Lake Karenfurt,Rhode Island
c5d410d3,403 Coleman Island Apt. 890,Stantonshire,Vermont
3a6d7ae2,5268 Kimberly Rapids Suite 564,Hillshire,Minnesota
a8aa1857,816 Nathan Track Apt. 398,Port Thomas,Rhode Island
0b246a2d,34197 Kimberly Locks,Justinport,South Dakota
0e2eb128,65277 Hughes Throughway,North Allisonville,Connecticut
f7ce030a,03314 Cox Crest Apt. 474,North Teresafort,Kansas
8187bd22,94895 Wendy Unions Suite 341,Markbury,Nebraska
bfffed86,786 Amanda Passage,Port Roberto,Connecticut
0b298f8b,41360 Watson Passage,Sandovalport,Vermont
aa2ccc08,947 Wolfe Bypass,Port Connor,Massachusetts
22ee418a,985 John Cape Suite 276,Joantown,Idaho
65642e19,03371 Olson Cliffs Apt. 001,Gonzalesmouth,Arizona
79c586d9,1200 Travis Extension,South Robertmouth,Texas
18f8fdaf,44827 Sims Roads Apt. 227,Lake Jennymouth,Delaware
9218e432,849 Stephanie Mountain Apt. 126,Katherinehaven,California
2a33a974,8788 Hunter Flat,Alexandrahaven,Tennessee
755fdc10,7789 Hansen Islands,Longshire,Illinois
229c7915,448 Christy Ramp Suite 776,East Rileytown,Rhode Island
286b873c,55469 Allen Alley Apt. 230,West Ronald,Alabama
e4cd5fb7,888 Kelly Station,Michaelfurt,Florida
7b7f4ab4,3282 Fletcher Loop,West Melissatown,Washington
49e0b388,57630 Stout Mill Suite 504,East Feliciashire,Missouri
8c5b4d0b,0459 Kim Port,South Deniseport,New Hampshire
a0de2ab6,90858 Douglas Street Apt. 434,Kingmouth,Florida
36105c73,2902 Andersen Pine Suite 821,Mirandachester,Nevada
8cbb962f,311 Andrew Estates Suite 709,East Jillian,Michigan
930ffe61,0572 Howell Ports Apt. 366,East Joshuaton,Washington
8132d7a5,05649 Hernandez Forges,Lisaport,Ohio
9da187b4,42320 Darren Meadow Suite 423,Matthewfurt,Alabama
04f5c1a5,842 Stephanie Mews,Dustinborough,Hawaii
d7667604,2249 Tammy Turnpike,Coxton,Delaware
07d4b129,417 Elizabeth Stravenue,Everettberg,Washington
89af0803,3390 Cannon Wall Apt. 659,East Angela,North Carolina
a805ae1b,19883 Johns Stravenue,Nelsonhaven,West Virginia
ff776dd4,836 Wilson Ports,Lake Jacob,California
c4941f27,46432 Joyce Island,Lawsonfort,Hawaii
1d3392f0,693 Santos Course,Wesleyhaven,Washington
52583cb6,94716 Juan Shore Apt. 380,Wesleyburgh,Tennessee
52950df1,10102 Kayla Crossroad Apt. 808,East Gabrielle,New Mexico
74a5c246,939 Sarah Row,Quinnside,Kentucky
36a9b9e9,852 Tamara Summit Suite 168,West Jessica,Nevada
d567e22a,94194 Nathaniel Track,Calvinport,North Carolina
67c9391b,0849 Griffin Stravenue Apt. 443,East Amber,Kentucky
b6cd2b74,5868 Joseph Via Apt. 137,Townsendville,New Jersey
cdf24cfb,01519 Sloan Rapids Apt. 873,East Haroldside,Minnesota
d7f40e31,4814 Brandy Well Suite 278,Alexandriamouth,Ohio
c93a80a5,78988 Taylor Roads Apt. 683,West Kelseyburgh,Montana
46423414,929 Benjamin Crescent Suite 708,South Jill,Virginia
ace64898,7952 Solomon Wall,Donnamouth,New Jersey
03f3ae1c,5545 Green Harbors Apt. 959,Mikeborough,Ohio
4e23a1c8,8296 Bishop Springs Apt. 854,South Henryport,Florida
bd8a15d5,36450 Ashley Estates,Conleyview,Maryland
caa394fd,024 Kathryn Curve Suite 165,Mooreberg,Nevada
27b4bbaa,2311 Douglas Turnpike Suite 735,Jonathanview,Rhode Island
ca375491,4175 Clark Villages Suite 449,South Scott,Nebraska
133c60ee,1461 Todd Knolls,Youngville,Alabama
188bf2d4,500 Deanna Gardens,Dannyfort,Oklahoma
ea867cd3,6132 Parsons Ridges Suite 477,Manningstad,Texas
19fcab36,65890 Gina Tunnel,Higginsburgh,Texas
39518335,884 Christopher Circles Suite 617,North Robert,Minnesota
7a58b26c,0288 Sean Station,Jamesmouth,Idaho
3280e424,5401 Michaela Route,Port Mark,Vermont
7e6e414e,1886 Soto Run Suite 195,Martinshire,Minnesota
3991054e,796 Green Trafficway,Christopherside,North Carolina
d6e257f2,159 Sarah Land,Lake Karenshire,Hawaii
50f0606a,479 Lang Extension Suite 087,Port Claudia,Indiana
8ba11c0b,996 Smith Walk,Ashleymouth,Alaska
dd4c9778,677 Richard Vista Apt. 625,Lake Michaelmouth,Connecticut
30732a17,2613 Mackenzie Club Suite 418,Austinfort,Minnesota
793870c6,418 Martinez Island Suite 824,Lloydfurt,Utah
742c3536,2984 Horton Burgs Suite 371,Sarahberg,California
6fdbc6e7,800 Patterson Shoals Apt. 512,Barnesville,Massachusetts
c90755ed,91040 Rachel Rapid Apt. 769,Angelamouth,Maine
78144050,37579 Walker Union Apt. 626,East Kristinaland,Rhode Island
0382d4a3,785 Anderson Crossroad Suite 884,Ericborough,Idaho
991db262,37867 Jessica Turnpike Suite 793,Millerstad,Hawaii
3aa971ca,84215 Stokes Overpass,South Christinabury,Hawaii
40488216,909 Christopher Extensions,New Elijahstad,New Hampshire
9ad7cc10,70196 Brooks Way Suite 202,Klineton,Kentucky
193f398d,546 Harrison Points Apt. 109,North Andrea,Kentucky
10fae43f,138 Martin Court Apt. 519,New Summerstad,West Virginia
4f73e187,7175 Amanda Centers Apt. 570,Davidborough,Florida
ded1ec85,21743 Bryan Center Suite 217,Lake Melissaland,Virginia
a7692b47,4011 Jonathan Union,Port Maryville,Texas
b2095073,0201 Brenda Stream Apt. 214,Stephenfurt,Mississippi
aa6b474b,3244 Myers Islands,Josephberg,Vermont
bc9120f7,47291 Jacobs Station Apt. 432,Johnsonville,Mississippi
a0112832,0570 Douglas Springs,East Monicaberg,Alaska
4c57458c,305 Alexander Square Apt. 278,Port Michelleside,Oregon
4ee13748,20214 Benson Rapids,Duncanburgh,Washington
2020e803,7694 Patricia Avenue Apt. 647,North Davidton,Arizona
29e32b4c,501 Jeremy Mountains,Port Marvin,Alabama
bb12174f,2752 Mccoy Forest Suite 443,Karenhaven,South Dakota
a72ce2ee,571 Nelson Villages,Cynthiastad,Pennsylvania
043f9cab,218 Mason Lane Suite 803,Loveborough,Wisconsin
5964a180,822 Thomas Alley,New Melinda,New York
3a24c3f7,17453 Lauren Brook Apt. 475,Timothyview,North Carolina
d1207a35,98598 Diane Circles Apt. 679,West Williamhaven,New Hampshire
c9759eee,6896 Tammy Street,Wrightbury,Connecticut
ec45191e,2946 Curtis Ford Apt. 636,Raymondburgh,Delaware
ac2f7fc6,74072 Ortega Underpass Suite 104,Johnsstad,New Mexico
ac6db780,534 Baxter Courts,Port Melissa,Kansas
bbf4e3c1,12343 Anthony Fort,South Renee,Kentucky
912e91e7,10385 Holly Tunnel Apt. 269,New Katherinefort,Illinois
d3e6be63,73016 White Meadow Apt. 111,Brookemouth,Wisconsin
3fb815f8,522 Brian Ford Suite 334,North Vanessa,Rhode Island
b69a0354,5884 Joshua Course Apt. 619,South Martha,Ohio
db93b5ea,58255 Barry Port,Ryanmouth,Montana
0274bb6f,519 Cook Loaf Suite 335,Jessicaland,South Dakota
b62142f9,4743 Banks Point,Caitlinburgh,California
8b7fd449,60791 Noah River,Anthonyport,Colorado
1c2ee68d,4639 Jessica Lakes Suite 315,New Nicolehaven,New York
4e5e37f0,3857 Dennis Branch,North Nathanielchester,Maryland
455914e7,67525 Heather Courts,North Brad,New Mexico
5bc6f0e3,235 Katie Ports,New Allison,New Jersey
81f940d6,474 James Plaza,Nancyberg,South Carolina
2a4a9438,63583 Joseph Forge Suite 412,Josephview,North Carolina
fd65029e,24363 Reyes Club Apt. 342,Lake Heidi,Massachusetts
039d213b,7972 Amy Stravenue,East Rachaelfurt,Delaware
1e733156,346 Katelyn Motorway Apt. 624,Vanessashire,Michigan
ce8029fd,33057 Williams Square Apt. 954,South Jeffport,Maryland
b2ef765f,29161 Ellis Estate,West Tara,Texas
9742b107,5404 Edwards Ranch Suite 130,West Lorichester,South Dakota
94f4031d,617 Pennington Gardens Suite 961,Rosariotown,Nebraska
5effe456,019 Crawford Curve Apt. 827,South Aaronhaven,Nebraska
16fe0804,4497 Jermaine Glen,Lake Normashire,South Dakota
85765388,855 Tiffany Tunnel Apt. 276,Lake Timothyburgh,Kentucky
4d077910,6391 Christopher Point Suite 408,New Elizabeth,Michigan
b5395b8b,757 Amy Mountains Apt. 498,North James,Colorado
b54a78c8,073 Charles Harbors,North Moniqueview,Georgia
79f3b8eb,88237 Ross Fork,Ramirezshire,South Carolina
f4dcf46e,58390 Stephanie Forks Suite 188,Port Robert,Wisconsin
d2f0e227,27093 Ray Ridge Apt. 908,Lisatown,Texas
a8dfd26a,8867 Roger Plain,Swansonhaven,Pennsylvania
0f239bce,0678 Amber Camp Suite 619,Harrisborough,South Dakota
a998c613,9690 Donna Mount Apt. 220,Allenview,California
944f3dbd,43341 Amy Spring Suite 492,Salazarhaven,Maine
710b921a,98801 Jessica Port Suite 913,Allenbury,California
0215c8e4,61921 Peterson Plain,North Sydneyberg,Kansas
f599a1da,31795 Jennifer Springs,South Sandra,South Carolina
209e455b,5319 Decker Circle Suite 393,Johnsonshire,Georgia
f7d0d359,690 Adrian Branch,Barrettbury,Arkansas
4fa7c118,36355 Santana Point Suite 612,East Arthurmouth,Iowa
ce88f758,254 Mccoy Tunnel,New Richardstad,Wyoming
fb29cdfa,5949 Stephen Gateway Suite 033,Thomasmouth,Vermont
d82b9ccf,6940 Justin Points,Michelleside,West Virginia
9d12770a,6193 Mcintyre Circle Apt. 196,West Brendahaven,Maine
9129045f,9531 Adam Brook,East Omar,California
5a3bff94,0852 Taylor Meadow,West Thomasstad,Idaho
3cc94ce3,0724 Manuel Turnpike Apt. 068,North Rachelland,Arizona
54fc3273,769 Barnes Hollow,West Malloryberg,Louisiana
d3d7ef47,639 Ashley Stream Suite 691,Herreraside,Rhode Island
ae77e745,09743 Margaret Roads,Brownshire,Alaska
e7be138c,6085 Keller Corner Suite 117,New Erik,Arizona
edec2cff,727 Matthew Groves Suite 172,East Shaun,Minnesota
82692dae,8876 Joshua Dale Apt. 870,North Angelachester,Nebraska
7f7c2c2c,4498 Morgan Court Suite 241,Mccannton,Arizona
c881340f,64547 Mark Valleys Apt. 772,North Tyler,Massachusetts
3cbb375c,86344 Foster Way Apt. 554,Prestonport,Nevada
eb42fcb5,79319 Jennifer Plaza,Yorkborough,Oregon
bef315a7,34210 Shaffer Point Apt. 760,New Michellemouth,Wyoming
cc5b5c96,80358 Harris Mountains,Munozmouth,Vermont
de961807,7794 Jeffrey Islands Apt. 410,Sanchezmouth,Oklahoma
c0f0f7a0,07678 Martin Prairie,Aaronberg,New Jersey
645387ad,7021 Garrett Inlet,West Angela,West Virginia
2ae04880,27477 Brendan Meadow Apt. 630,Hawkinsshire,Indiana
bd3b79ed,7510 Jessica Road,East Jerrystad,New York
b788a278,210 Owen Walks,South Sylviahaven,Wyoming
15c47a40,919 Robert Estates Suite 434,Harrismouth,Massachusetts
e8af8b12,863 Shannon Glen Apt. 177,East James,Wisconsin
570e62f1,6153 Matthew Curve,Jacksonstad,South Dakota
bfe644f8,2317 Lori Isle,South Mariastad,Nevada
699c8741,627 Jeffery Mountain Apt. 308,South Brian,Indiana
f9f8334f,86561 Rodriguez Forges Suite 623,Lake Tabitha,Illinois
929a30c3,328 Kelley Fort Apt. 490,East Mistyton,California
1fb475e3,0184 Janice Place,East Rebeccashire,Texas
31116ef6,20077 Salinas Isle,East Jasonshire,Alabama
99567c9a,95204 Salinas Shoal Apt. 028,New Sabrinamouth,Wyoming
f7bd9e9f,59990 Smith Extension,Douglasland,Georgia
cb1a69f8,414 Shelton Key Suite 145,South Kyleville,Texas
03a3d28c,68010 Riley Well,South Kimberly,Washington
781ce884,7391 Anthony Light,Lake Samuel,New Mexico
aba786f1,4423 William Inlet Apt. 084,Lake Robinfort,Rhode Island
df7b231e,740 Larry Ridges,Riosburgh,Florida
e092c709,873 Johnson Creek Apt. 802,Marcusborough,New Mexico
f448de0c,1902 Benjamin Fields,New Sheri,New Mexico
bfb799dc,813 Kristin Pike,Karenborough,California
fc4d499e,58042 Smith Shoal Suite 958,Jenniferstad,Kansas
8f05ca09,848 Dana Shoals Apt. 209,New Charlesmouth,New Hampshire
eaac69c4,20139 Morrison Road,Wagnerburgh,Rhode Island
cd79c45b,83548 Joseph Lodge,Matthewsmouth,New Hampshire
22cae459,938 Steven Heights,South Paulstad,Ohio
783def4b,04432 Amy Roads Suite 043,South Elizabeth,Alabama
55d9b4f6,5825 Dawn Club Suite 567,North Lisa,Mississippi
d7474f34,0487 Mclaughlin Heights Suite 780,Port Dianaburgh,Nevada
2f7510d1,03021 Vasquez Estates Apt. 766,Markhaven,Washington
300b1a64,1168 Allen View Apt. 023,Jenniferhaven,Tennessee
e5ca04a1,7630 Steele Shore Apt. 233,Lake Jaymouth,Delaware
07adbcd4,9612 Hayden Ramp Suite 854,Danielfurt,Florida
00dd805d,392 Joan Shoal,West Lucasbury,Utah
8908f8cf,805 Carrie Viaduct Suite 374,West William,North Carolina
8087ac20,709 Nancy Village Suite 713,Ramirezhaven,New York
2aba3ddf,10511 Larson Underpass Suite 365,Johnnyland,South Dakota
f56c1ca0,6115 Cameron Inlet,Laurenside,Maine
b5e2a85c,31241 Sean Dale Apt. 717,Port Julie,South Dakota
12a67286,447 Samuel Island Suite 187,Cameronchester,Oregon
6eaa2343,654 Baxter Dale,East Brooke,Indiana
e1353c36,51178 Olson Forest,Medinafort,Ohio
0154787e,0695 Arnold Mountains,East Hannah,Iowa
e035a5cc,3367 Krueger Cliffs Apt. 626,New Edward,Maine
c06e6fa6,9803 Corey Stream,North Sarahfurt,New Jersey
a3bc13e7,994 Michael Fork Suite 643,Douglasville,Kentucky
fa85337b,904 Katie Loop,Lake Justin,Mississippi
7599c0c0,1513 Ward View,Lake Williamton,West Virginia
7d036ffc,2879 Cisneros Road Apt. 732,Fisherstad,Kansas
b398d9a8,85308 Powell Fields Suite 696,Holmesland,Delaware
d638eace,12150 Jeffrey Lights,Jonesborough,New York
a93b565f,081 Horn Trail Apt. 068,West Meganberg,Alabama
1de6c726,63034 Dorothy Spurs Apt. 534,Floreshaven,Massachusetts
ef70d123,618 Natasha Crescent Apt. 630,Martinezshire,Virginia
260aff7c,262 Natalie Mews Suite 538,North Sherri,Colorado
100aa121,01782 Joanna Turnpike Apt. 092,Atkinsstad,Vermont
2101f52d,452 Patrick Passage Apt. 838,Port Paul,Iowa
932b37fd,023 Rollins Throughway,Jacquelineburgh,Wisconsin
c913f36e,546 Haney Hollow,East Brettborough,Arizona
997a64e9,4737 Olivia Flats Suite 441,New Mitchelltown,Nebraska
34ed6127,87225 Tiffany Court,South Rebecca,Massachusetts
e53befa5,19964 Kelly Port Apt. 735,Benjaminhaven,Massachusetts
6daa97da,303 Thomas Glen Apt. 396,West Kimberlyhaven,Oregon
69062138,784 Sawyer Throughway Suite 733,West Kevin,Pennsylvania
fd7edc32,435 Hector Gateway Apt. 296,Justinchester,Indiana
f0635642,6046 Newton Islands Suite 775,North John,Utah
93b1cbd4,636 Alicia Road Apt. 161,Shelleyview,New York
dd04fee1,259 Michael Dam,Gonzalezview,Wisconsin
c30bc920,8997 Elizabeth Crest,New Jerry,Kansas
4d6a3aa2,15466 Theresa Via,Reynoldston,South Dakota
0569b250,10734 Christopher Village,Williamview,Indiana
ff258c3b,1405 Thomas Knoll Suite 490,North Karenfort,West Virginia
90a1fb8c,48611 Schaefer Park,Millerburgh,Maryland
d6b817fa,86124 Ross Flats,Christopherview,Washington
45e04484,114 Logan Shore Suite 734,South Danny,Arkansas
9d801e79,99859 Young Park,Rubenfurt,New York
0684d3d9,6280 Bauer Hill,Jessechester,Maryland
a76a9bea,8548 Carla Expressway Suite 162,North Donnaland,Arizona
938f6c75,8937 Andrews Road,South Michaelberg,Illinois
4a276eb5,492 Davis Road,East Benjamin,California
53cd067d,1700 Smith Spur Apt. 954,East Sabrina,Colorado
22c7d473,24036 Kendra Bridge,East Rodney,Pennsylvania
b4c6b7ba,9533 Figueroa Squares,Powellbury,Missouri
f51ab489,67755 Bell Locks,Stephenside,Florida
ed1ff1dc,271 Wright Mission Apt. 399,Vanessachester,Washington
3e6b131b,13956 Paul Club Suite 428,Billymouth,Nevada
3c58064c,986 Rogers Cliffs,Danielstad,Vermont
280a4c92,773 Robinson Junction Suite 726,New Jerry,Montana
13f63ed1,54854 David Views,North Robert,Iowa
ab4b3b96,856 Andrea Lane,North Christian,Arizona
f8f4a63f,213 Camacho Road Apt. 551,Veronicafurt,Idaho
d675be5f,66225 Acevedo Gardens,South Douglasberg,Minnesota
97bdcc6a,8461 Garcia Square,Johnsonborough,Pennsylvania
3e04f6c5,9167 Michael Springs,Port Wayne,Oregon
66e8063b,889 Williams Circles,Lake Nicholas,Delaware
f01f5f7d,7940 Villarreal Route,Port Johnside,Mississippi
6a0f84aa,85406 Vazquez Isle Suite 960,New Darrylbury,Nevada
454cf486,811 Kaitlyn Ville,Ryanshire,Kansas
5479049e,06501 John Ports Suite 387,Katherineburgh,West Virginia
4ad24f2c,7009 Jacob Flats,Samanthaborough,Wisconsin
1812bac7,5153 Williams Drives Suite 209,Aliciashire,Iowa
103c09ae,43516 Jason Unions,Brianland,Mississippi
ff76f2ba,360 Pope Pine,Vegastad,Iowa
1df823e2,1454 Alex Extension Apt. 307,South Susan,Idaho
053d87a7,664 Norris Cove Suite 936,Oconnorstad,Wyoming
7183c512,17856 Nicholas Courts,Samuelmouth,California
59559af2,8339 Joseph Port,Fergusonfort,Florida
7a3f01ff,431 Cooper Center Suite 495,West Rachel,Delaware
9a36e719,002 Kelly Mission,Bensonburgh,Louisiana
a8c5ee42,024 Lori Stravenue Suite 698,Duncanland,Pennsylvania
c54e36a5,1058 Shaw Square,Aguilarbury,Idaho
611445dd,793 Riley Point,West Michaelmouth,Maryland
16508330,8780 Brewer Village,East Cassandra,Missouri
d2c45336,3371 Bishop Unions,Colemanland,Virginia
d15579db,807 Hannah Extensions,Shaneton,Arkansas
f576ea44,6555 Wiggins Pines,Timothymouth,Minnesota
8dfd001f,448 Jesus Drive,Gordonstad,Minnesota
96f5c62b,0447 Harry Landing Suite 427,Bakerberg,Wyoming
6c0d9782,020 Joe Corner Apt. 168,Lauraton,Hawaii
c3e33204,53047 Powell Drives Apt. 211,Danielleland,Wisconsin
539f4735,62064 Richmond Ramp Apt. 524,South Alexandriaville,North Dakota
96239191,1429 Miranda Meadow Apt. 699,West Lisastad,Texas
1782cf56,446 Jessica Alley,Lake Lisa,Oregon
d20bed17,624 Samantha Creek,Bobbyport,Wisconsin
cf1fcb85,595 Ann Track Suite 819,North Jaredchester,Delaware
7434f515,35408 Chad Drive Suite 614,Christopherstad,Indiana
b6ddc388,145 Sherman Points Apt. 047,Campbellchester,Alabama
1612a1f0,9355 Kevin Rest,West Andrewburgh,Wisconsin
534c82a0,44320 Johnson Villages Suite 820,South Robertfort,Arkansas
a110260e,5992 Rodriguez Orchard,Lake Stephenport,South Dakota
ef9101c2,8106 Diaz Mountains Suite 202,Jennifertown,Illinois
a37ceee2,9306 Danielle Union,Nicolasville,Michigan
7649c1a7,79211 Jack Fields Apt. 496,Klinemouth,Wyoming
0a2e1cb1,629 Rachel Meadows Apt. 273,North Chrisside,North Carolina
6f55c3bc,2255 John Flats,New Annaview,Nebraska
869a4f4b,70989 Todd Manors,Derrickport,Massachusetts
151ee77f,167 Roy Mission Apt. 976,South Denise,Oregon
538d496c,0421 Terri Cliffs Suite 470,Lindseyton,Indiana
4fe9c0e9,2469 Ruiz Radial,Lake Yvetteton,Georgia
3df2f3f1,4264 Hunt Corner Suite 263,Danielton,Illinois
d63635e3,7885 Harvey Row,Heidiview,Illinois
65be05bf,1692 Boyer Groves Suite 200,West Susantown,Arizona
f8385e24,3614 Alexander Spur,Jamesmouth,New Hampshire
91cf5294,36951 Miller Route Suite 380,Christopherchester,Louisiana
66545157,581 Nguyen Squares,Port Aaron,Virginia
1007f5a5,607 Mccoy Street,North Emmastad,New Jersey
e4c156b7,2042 Beth Shore Suite 086,North Beverly,Florida
45948593,3188 Ronald Hill,Dustinmouth,Illinois
1279ec7a,60959 Flores Mountains,North Jonview,South Dakota
b960b906,9478 Janet Squares,South Christopher,South Carolina
aff3ea4e,146 Richard Lights Apt. 647,Port Christian,Florida
f3178238,433 Anthony Mountain,Goodwinstad,Pennsylvania
4fe47690,376 Joe Orchard,Pearsonton,Ohio
4005387c,2486 Baker Isle Apt. 258,West Benjaminville,Minnesota
bb8f8128,6537 Andrews Ports Suite 490,North Samantha,Louisiana
b8f941e6,858 Terry Vista Apt. 428,New Robert,Tennessee
1b667c6b,862 Berger Inlet Suite 258,West Aaron,Maryland
9500f741,929 Lisa Oval,Michelleville,Delaware
103e01b2,226 Amanda Causeway Suite 350,Maryburgh,Utah
125d6969,61236 Charles Street,Adamsberg,Michigan
b8c975a6,930 Smith Field Apt. 666,Mooretown,Vermont
2f2237be,175 Russell Station Apt. 291,Combsburgh,North Carolina
1a03be71,28269 Stokes Mountains Apt. 890,North William,Florida
b39a8b98,3062 Donna Well,Sherryshire,New York
a585e593,5914 Teresa Loop Apt. 850,Port Elizabethfort,Nebraska
f33a9cb1,5550 Barbara Tunnel Apt. 374,Williamsville,Maryland
fa575e96,15106 Ronald Estates,Franklinfurt,Illinois
ee8991bc,9542 Philip Junction Apt. 143,Codyhaven,Wisconsin
0df2b063,74449 Morrow Gateway Apt. 254,Fischermouth,Maryland
539a63c2,317 Jones Way,Kellyfurt,Arkansas
8d22a787,1084 Melissa Underpass Apt. 440,Port Deborahhaven,South Carolina
f8277cef,657 John Mills,Lake Larry,Utah
894456c6,3719 Stacie Mill Suite 910,Medinashire,Oregon
57a0fd7e,9661 Joseph Row Apt. 322,Port Christine,New Mexico
5ce5e9c0,6253 Garcia Crossroad Suite 883,East Courtneyview,North Carolina
6f9e37eb,8517 Tina Tunnel,Johnport,Maine
4c1b1aa6,0131 Baker Cliff,Masonborough,Washington
5f1061ae,9742 Carrie Parkways,West Davidburgh,New Jersey
20415825,41122 Conrad Path Suite 703,South Kevinfurt,Texas
a0a6e7fd,4196 Edwards Meadow,West James,Montana
463c8324,5448 Washington Rapids Suite 854,Jenniferview,Louisiana
d21b6ea1,1170 Angela Coves,West Latoyamouth,North Dakota
fb4b1764,155 Alexander Ports Suite 708,Port Joseph,Michigan
2ed4e9d8,9252 Jones Ville,Christinastad,New York
93b821a6,275 Page Valley Suite 323,New Jerome,Hawaii
aacaf676,64757 Webb Shores,North Lindsay,Iowa
f2648e81,09201 Willis Gardens,East Tracy,North Carolina
49aa37a5,96033 David Haven,North Gary,Tennessee
f4a02b68,4697 Ethan Terrace Suite 664,West Francisco,North Carolina
0efe9b22,317 Rebecca Inlet,Michaelhaven,Texas
63e0c34a,232 Michael Hill Suite 960,Lorifort,North Carolina
c7487d1c,271 Monroe Common,Morganburgh,South Carolina
d7a91822,4693 Stone Trace Suite 596,New Dawnland,Arkansas
96bd1d73,013 Nelson Walk,Paceborough,Nevada
62a3e235,860 David Dale Suite 016,Molinaton,Wyoming
162b34b6,17349 Reed Circle,South Paulaside,Vermont
aeaeb998,1130 James Rapid,Bryantmouth,Oregon
49f23226,67546 Matthew Light,South Adam,Texas
4fcbcbc9,23518 Bryan Forks Suite 182,Gallegosville,Texas
131974d5,321 Robert Turnpike Suite 424,North Jamie,South Carolina
6066af24,92507 Debra Heights Apt. 927,Grahamberg,Alabama
af21bfed,04047 Susan Walks,Elizabethbury,Ohio
5b0c8bec,12036 Jacqueline Path Suite 787,Lake Mark,Kansas
deea3de3,805 Turner Landing Apt. 917,South Gabriel,Alabama
1e6db594,331 Price Parkway,Davidsonton,Kentucky
8550cbda,10159 Richardson Field,Oconnorview,Arizona
3da3fb62,969 Jason Manor,Riveratown,Colorado
84733df9,5522 Rebecca Trafficway Apt. 421,Lake Amandaport,Colorado
83a2ae3a,9871 Daniels Plaza Apt. 372,New Saraport,Texas
7071491a,9991 Anderson Land,Blevinsmouth,Wisconsin
217efe48,60466 Tricia Trail,Emmatown,Louisiana
9e0b5216,21855 Richardson Haven,East Danielborough,Minnesota
acf88ef5,2497 Davis Pine,Lake Anthony,Massachusetts
089a912f,5637 Steven Circle Apt. 307,Laurenburgh,Rhode Island
dc32d296,2230 Evans Valley Apt. 850,Whitetown,Oklahoma
2246d20e,02614 Michael Streets,North Emily,Maine
ec9d0f86,1082 Salazar Inlet,West Michael,Colorado
25e138c0,15517 Carolyn Isle Apt. 058,Lake Alyssatown,Massachusetts
d56efaa7,677 Simmons Landing,Lake Sethbury,Missouri
3ec4a490,679 Gomez Keys,East Christopherchester,Massachusetts
5bed5a09,561 Bradley Expressway Suite 304,Cherylville,California
05689522,8425 Steven Groves Apt. 494,New Erinchester,Alabama
f6551ae2,10632 Kevin Roads Suite 261,Cohenstad,Indiana
511c9437,543 Valerie Oval Apt. 562,Millerborough,New Jersey
1e4bb943,98566 Paul Hills Suite 395,Bishopmouth,Arkansas
cb9e3ad2,794 Clark Ford Suite 348,Terriburgh,New Mexico
40142b78,0507 Manning Gardens Apt. 361,Port Crystalview,Vermont
18274339,440 Mclean Canyon Apt. 717,Juanmouth,Maine
15504782,9290 Santos Roads,Marksberg,Maryland
ac6b155d,6983 Mark Burg Apt. 423,Woodshire,Connecticut
08fa71ee,1596 Christopher Parks Suite 711,New Ryanton,Minnesota
9d2481d5,28671 Juan Meadows,Robertview,Wisconsin
725359c5,8603 John Mountains,Williamchester,New Jersey
4f01afa6,9696 Russell Walk Apt. 943,New Sandra,Nevada
564a171a,8043 Jones Common,South Brianville,Arizona
cd362673,92768 Lindsay Forks,Baileymouth,Louisiana
d5ddcbdc,718 Mosley Green Apt. 838,Hannahport,Hawaii
98d56077,2071 Lee Squares,East Davidton,Georgia
b7c417bf,094 Bailey Highway,Lopezbury,Wisconsin
ec7d843c,6791 Walker Loop,Port Katherinebury,Wyoming
dcba7487,37917 Vanessa Curve,Leslieland,Iowa
51eace43,6014 Suarez Course Suite 284,Josephchester,Texas
8f0fae7c,57501 Castro Crescent Apt. 731,East Mark,South Dakota
efb1bf77,322 Dustin Club,North David,Florida
c8c9febe,078 Mitchell Ports Suite 541,Lake Marieport,Hawaii
3090ee68,014 Faulkner Park,West Patrick,Florida
02b21bb3,4023 Andrea Roads Suite 961,Ricechester,Wyoming
2b553355,82951 Delgado Glens Apt. 424,Kylefort,North Dakota
1f185493,774 Veronica Ferry Apt. 964,West Elizabethmouth,Colorado
b0012383,30527 Anderson Plain Suite 271,New Jesus,Alaska
ce9c5a06,795 Nancy Forks Apt. 488,Lake Gregory,North Dakota
1686aadb,3872 Kara Fields,East Allisonbury,Illinois
247cbb08,367 Deborah Knolls Suite 773,East Jermainechester,Alaska
7a8deea8,473 Simmons Coves,West Dawnton,Alaska
aa994fa7,60964 Joseph Centers,Zacharystad,Tennessee
04cffe2c,6994 Morris Glen Apt. 841,West Moniquehaven,Utah
386e62a7,062 Clark Crest Apt. 159,Anthonybury,California
f9043322,6127 Graham Branch Apt. 817,Lake Joetown,Illinois
d5d6bbb1,6414 Bass Expressway,Jaredshire,South Carolina
683375d3,19491 Townsend Rue,Pamelabury,Arkansas
fbf443b5,491 Douglas Meadow Apt. 599,Wallaceburgh,Delaware
ca7031e8,1260 Denise Lakes,Burnettfurt,South Carolina
e94d44d3,36081 Austin Mall Suite 929,East Lisamouth,South Dakota
f0866f1b,401 Williams Drive,Millerchester,Missouri
d4a3572f,865 Gray Forges Apt. 149,Patrickchester,Indiana
937aad48,690 Wilson Place,Benderborough,West Virginia
59a1d692,359 John Route Suite 289,Dixonfurt,Mississippi
e30626af,7981 Jill Junction Suite 436,Douglaston,Kentucky
d80525e3,62728 Pena Ridge,New Jeffreyville,South Dakota
f7ca217d,9228 Wendy Mall Suite 688,Taylorfort,Kentucky
c9b13fd5,90214 Harold Fork,Thomasberg,Minnesota
23a3f576,378 Daniel Summit Suite 343,Farrellfort,Idaho
202e41aa,71462 Craig Island Apt. 005,West Justinview,Virginia
6cacf505,408 David Mills Suite 970,Stacyborough,Vermont
250a6992,9957 Samantha Port,Port Rachel,Kansas
f010eae9,82591 Brian Hill Suite 287,Deannaland,Louisiana
ad955b5d,7851 Anderson Garden Apt. 472,Nicholsonberg,South Carolina
ba6fabd4,90948 Huff Drive,East Claudiachester,Indiana
370ae5fb,5840 Jason Forest Suite 183,Perrybury,Iowa
f3c18798,875 Richard Point Apt. 626,South Elizabethstad,New Mexico
c74601a2,74420 Barnett Street,Moraton,Virginia
60ac743f,80222 James Plains Apt. 225,Lake Stephanie,Pennsylvania
bed2a91b,4511 John Ville,Cunninghammouth,North Carolina
341fbbbf,58385 Moore Mountain Suite 451,Reginastad,North Dakota
9b52e25d,957 Horn Greens,Cabreraton,Montana
40fadb47,8624 Diana Cove,Kathrynville,New Hampshire
b9a27546,24387 Ronald Row,West Jeffreyland,Texas
4a7f2f53,139 Sean Squares Apt. 803,South Duanehaven,Vermont
4055d709,23420 Morales Field Apt. 511,Clineside,Utah
d8510581,2336 Anderson Estates Apt. 688,Hebertmouth,Minnesota
d4391db7,6966 Reed Creek,Port Andrewborough,North Dakota
27763469,627 Turner Lock Suite 468,Maddoxland,Wyoming
0313a3f6,914 Matthews Streets,Robertport,New York
1480fe03,5606 Kayla Cliff Apt. 400,Oconnellstad,Wyoming
a1b38042,5839 David Camp Apt. 271,North Daniel,West Virginia
8e39941b,49756 Roach Islands Apt. 004,Lindaberg,Utah
97179ad3,303 Nathan Extension Apt. 759,Port Caitlin,Missouri
a51cf19a,37374 Doyle Springs Suite 441,West Sydneyton,Hawaii
470e8079,19983 Rachel Neck,Port Jenniferfort,Rhode Island
553ec9a0,6753 Anderson Ford,Kayleeport,Massachusetts
ced921cf,4524 Malik Mall Suite 935,Campbellland,South Dakota
0f9189c6,53313 James Shoal,Lake Wendy,New Hampshire
4584a012,350 Jeffery Place Apt. 008,West Michelle,Florida
4d077910,6391 Christopher Point Suite 408,New Elizabeth,Michigan
8aebc009,677 Woods Expressway,East Christopherside,Minnesota
f6e5dcc1,93636 Charles Port,Port Robert,Missouri
060dab21,33268 Raymond Pines,Grayborough,Vermont
8a2a1b8e,4429 Philip Station,West Cynthiafurt,Oregon
aafb8c51,64960 Johnson Mission Apt. 047,West Caroline,Illinois
17dab56b,963 Peters Streets Apt. 743,New Christopherstad,Pennsylvania
061e70d0,9172 Crystal Road Suite 625,Powellmouth,South Carolina
55020482,730 Christopher Plain Apt. 808,Port Davidhaven,North Dakota
48508e4a,3843 Williams Springs,South Linda,Connecticut
96837fcc,20591 Macdonald Garden,Alisontown,New York
7f9c9603,528 Peters Village Suite 830,South Maureenborough,Alaska
80899633,579 Williams Mill,Archerbury,Tennessee
b7eddfca,63173 Jessica Grove Apt. 364,East Heather,South Carolina
ff776dd4,836 Wilson Ports,Lake Jacob,California
22ee418a,985 John Cape Suite 276,Joantown,Idaho
b5e2a85c,31241 Sean Dale Apt. 717,Port Julie,South Dakota
64902af6,8444 Ronnie Gateway,East Crystalport,Vermont
0c13481c,6935 Hawkins Harbors,Robertfurt,Iowa
73f5c8dd,0164 Doyle Stravenue Suite 396,North Kimberlyburgh,West Virginia
606b5367,400 Christopher Bypass,Rojasshire,Kentucky
30d5be42,40974 Brandy Parkway Suite 619,Lake Rickyville,Washington
f95ef308,87033 Lewis Wall Apt. 913,Huntermouth,Indiana
0e74f410,523 Bryan Road Suite 195,West Kelly,Iowa
cfbed5cc,051 Davis Brooks,West Katrina,Oklahoma
0202861c,71760 Rogers Spur Apt. 296,North Lindseyborough,West Virginia
ce4e90bf,9056 Dakota Place,Lake Markport,Connecticut
ca7031e8,1260 Denise Lakes,Burnettfurt,South Carolina
1195c3e9,209 Randolph Shoal Apt. 717,South Monicachester,Massachusetts
89af0803,3390 Cannon Wall Apt. 659,East Angela,North Carolina
6e038021,90613 House Turnpike Suite 182,Murphyborough,Pennsylvania
e3c53f19,517 Avery Centers,Port Jill,Pennsylvania
301937d0,9818 Moore Summit Suite 187,West Daniel,Delaware
e8cce9b1,93282 Edwards Stream,Garciaside,Georgia
60b0c35b,452 Courtney Extensions Apt. 852,Michellemouth,Maine
9064a634,04124 Harris Meadows,West Thomasbury,Iowa
2deee19d,70987 Nancy Vista,Williamsborough,Wisconsin
6cc90e6f,7802 Donald Manor Suite 043,South Bradley,Florida
9376f51a,29783 Melissa Summit Suite 407,New Cynthia,South Carolina
c29d5af7,516 Hill Court Suite 475,Hutchinsonberg,Arkansas
0ae0bb90,06222 Kelly Radial,South Jeantown,California
d020cec0,481 Smith Ridge Apt. 003,Samuelbury,Louisiana
7344095b,86292 Johnson Forges Suite 166,North Kimberlyfurt,Illinois
2199c6ef,3836 Stephanie Orchard,West Scott,Maine
0399923f,251 Jeff Stream,Larsonton,South Dakota
5169fdd0,757 Larson Heights,Timothychester,Nebraska
9e4a0cf9,9576 Phillips Crescent Suite 639,Jamestown,Hawaii
cae212fc,068 Mejia Crescent,Danielview,Michigan
ecacd17a,62355 Daniel Rapid,Jamiefurt,Mississippi
9633c200,4323 Amanda Locks,North Heathermouth,Maryland
41a27785,944 Marsh Burgs Suite 917,Port Rebecca,Louisiana
fc1d41bc,334 Steele Isle Apt. 389,North Richardmouth,Montana
6cbcb192,2939 Wilson Ford,Vickieside,Maryland
7c88ad60,02983 Rachel Stream,Ronaldhaven,Maine
b004b9ab,05026 Kara Fall,Daviston,Florida
229c7915,448 Christy Ramp Suite 776,East Rileytown,Rhode Island
5988655a,430 Kayla Place Suite 604,Richardsmouth,Louisiana
9ccd6342,65427 Chang Drives,West Karastad,Michigan
0390b314,43469 Lamb Inlet Suite 104,North Kevin,Nevada
045ab623,956 Pruitt Village,Hallberg,Arizona
1ecceb9a,763 Harper Underpass Suite 637,South Luke,Georgia
43703fa9,6993 Bates Well Apt. 042,Bishopborough,Idaho
023136fe,682 Justin Club,New Kaylaburgh,Oregon
1fa92785,12232 Katie Roads,Toddberg,Oregon
e2819978,62251 Reid Village,Robertbury,New York
592f7f93,242 Trujillo Station Suite 713,Claudiaborough,New Hampshire
8434dcec,47781 Collins Ramp,Kevinborough,New Hampshire
002e5261,87126 Hamilton Union Suite 715,East Erinbury,West Virginia
8589022f,0093 Steven Park,South Richard,Pennsylvania
cbd9f855,89612 William Crossing Suite 496,East Donaldfurt,Maine
c6131e6e,591 Cook Pines,New Billyborough,Wisconsin
4c57458c,305 Alexander Square Apt. 278,Port Michelleside,Oregon
16ee8e47,27841 Brown Branch Apt. 579,North Matthew,West Virginia
9863be0c,6004 Beverly Lodge,Williamsfort,California
e890c0ff,19998 Kelly Villages,Howardmouth,Iowa
a850c79b,6189 Rose Freeway,New Briannaton,Maine
6eaa2343,654 Baxter Dale,East Brooke,Indiana
7ad63c8b,5323 Porter Plaza Apt. 881,North Kristen,Louisiana
26838b62,9635 Stephen Crest Apt. 322,South Henry,Nevada
46e6e09b,60267 Jennifer Plains,Port Steven,Florida
de5d5894,910 Tanner Avenue Suite 241,Walshland,Nevada
8461b442,03236 Clark Field,East Jesseland,Iowa
44721157,9363 Denise Forks Suite 699,Adamborough,Indiana
c687923d,884 James Points,Lake Jasonview,Alabama
4f01afa6,9696 Russell Walk Apt. 943,New Sandra,Nevada
49ac0fdb,015 Glass Rest,East Kathleentown,South Dakota
b67b1de3,196 David Passage Suite 183,Andrewmouth,Washington
64faec4f,719 Clarke Pass Apt. 209,Lake Marissaville,Oregon
e408e1b0,53451 Rodriguez Lock,North Mark,Alabama
4085304d,325 Villegas Port,Scotttown,North Dakota
04706daf,61545 Grant Inlet,North Sharonhaven,Arkansas
967def2d,434 Marcia Lake,Nathanberg,South Carolina
478eec05,18100 Guerra Shore,Frazierstad,Oklahoma
f6f4b35d,1129 Cynthia Route Suite 074,South Tomville,Utah
9ab1874e,5303 Lewis Springs,Port Adrian,Kansas
bae9627d,548 Ellen Summit,East Charleston,Kansas
cdb90a3a,21454 Russo Well,Mauricestad,Illinois
c30bc920,8997 Elizabeth Crest,New Jerry,Kansas
08341ce6,80658 Rebecca Key Suite 705,Pruittshire,Alaska
8614f0d9,6150 Megan Cliff,Port Patrickbury,Minnesota
29bd9a88,21567 Dean Lodge,New Sarahberg,Hawaii
fece05fb,1766 Charles Trail,Alexandramouth,Alabama
4ec56afa,6362 Gabrielle Wells Apt. 307,Port Jamie,Montana
1716fbb5,9286 Jason Glens Suite 445,Aguirrechester,Mississippi
9da187b4,42320 Darren Meadow Suite 423,Matthewfurt,Alabama
018a6fe2,474 Kelsey Place Apt. 558,Josephton,Wyoming
cb3cfcbe,6137 Denise Ford Apt. 575,Lake Lydiastad,Tennessee
15054486,03466 John Burg,Grayside,Colorado
86fb34b3,10797 Perry Viaduct,Lake Natalie,Colorado
52447dbb,34388 Ellis Manor,Bowmanport,New Hampshire
b9615f9b,0173 Jennings Locks,Amystad,Georgia
c8e02a22,291 Hill Springs,Ashleyshire,Tennessee
480c9c4e,863 Carlos Creek Apt. 960,North Connorview,Alabama
a185a5fd,19704 Doyle Greens Suite 036,Jonesport,Tennessee
33c55627,19701 King Crossing,West Anthony,Massachusetts
288e016c,99748 Brown Views Suite 557,Shepardburgh,Vermont
ad1ddb0c,58712 Jesse Branch Suite 482,Lake Andrewstad,Montana
cc5b5c96,80358 Harris Mountains,Munozmouth,Vermont
e86f984d,898 Whitney Unions,New Theresaberg,Alabama
e4b4e819,072 Clark Flats Suite 082,Johnsonfurt,Kansas
1510cf42,1839 Eric Tunnel,Joshuaton,Vermont
80f276c6,8823 Robert Vista,West James,Nevada
f010eae9,82591 Brian Hill Suite 287,Deannaland,Louisiana
3280e424,5401 Michaela Route,Port Mark,Vermont
5d621763,9766 Smith Extensions,Angelaburgh,Maryland
70404bb1,135 Hodge Inlet Suite 790,Josebury,New York
69062138,784 Sawyer Throughway Suite 733,West Kevin,Pennsylvania
10fae43f,138 Martin Court Apt. 519,New Summerstad,West Virginia
463e3b4d,8640 Marshall Crest,North Nicholeshire,Arizona
48120484,24439 Raymond Island,Lake Aaron,Pennsylvania
8ee24a60,847 Bailey Greens Suite 923,West Joshuaville,Montana
dad81bd7,016 Lopez Lane Apt. 626,Port Gailton,Kentucky
cf6191d5,5747 Nicole Hollow Suite 113,New Robinchester,Georgia
b38e5adb,4064 Medina Plaza Suite 536,Port Adam,North Carolina
6f7cc170,4869 Sexton Alley,Youngfurt,Arizona
820abe2b,507 Wallace Pass Suite 953,North Sandraton,Texas
595e1961,001 Teresa Locks Suite 187,Lake Ruthchester,Pennsylvania
35b9e6fb,98423 Garcia Parks,Port Richard,Missouri
1cc4bd81,11944 Alex Grove Suite 372,Lake Thomas,Missouri
0073e073,957 Mary Burg Apt. 726,Port Bruce,Missouri
e1353c36,51178 Olson Forest,Medinafort,Ohio
9a36e719,002 Kelly Mission,Bensonburgh,Louisiana
54752238,44944 Joseph Islands,Lake Jenniferburgh,Pennsylvania
14a670ea,3561 Roberts Hill,Torresville,Mississippi
2a57026a,57258 Ramos Streets Apt. 179,Michaelchester,Oklahoma
3bd71ab7,62300 Joseph Pines Apt. 185,North Catherine,South Carolina
182bcdc8,76626 Joshua Pike,Austinside,New Mexico
057d18fd,20429 Christopher Valley,West Laurafurt,New York
0c78682d,589 Mitchell Glen Apt. 682,Campbellhaven,Texas
b195c85b,03531 Meghan Forge,West Andrea,Louisiana
1777d6e4,47656 Jones Turnpike,Kempmouth,North Dakota
684175ee,20606 Felicia Turnpike,Johnstad,Louisiana
805ef099,35741 Madison Court Apt. 429,Conradside,Georgia
e5e11d28,58531 Ritter Views Suite 251,Alexanderfort,Utah
deb38afc,29162 Johnson Stravenue,Baileystad,Montana
a4dee522,105 Alisha Curve Suite 445,Millertown,Minnesota
cb1b4986,92506 Matthew Springs,Brookeberg,New Jersey
348c3f31,6910 Sampson Point Suite 089,Territon,South Carolina
b7f5a40f,685 Gregory Mountains,North Taylor,South Dakota
de732dea,139 Brandon Springs Suite 876,Nathanfort,Ohio
bdd668cd,1266 Lisa Crescent Apt. 994,Andreaport,Utah
50f4357a,7656 Patrick Views Apt. 977,Donaldsonview,Alaska
0f550a8b,783 King View,West William,Massachusetts
eb3f2ba7,25156 Rodney Turnpike Apt. 091,Jenniferside,Connecticut
2dbf8e58,984 Carter Passage Suite 276,New Benjaminview,Rhode Island
c8ee5867,6829 Dennis Court,Douglasshire,Maine
5b301208,624 Smith Fields,New Brian,Florida
d74975a2,18160 Jessica Mill Suite 564,Salazarland,Nebraska
a72dbafe,58831 Melvin Rapids Apt. 898,Robertberg,South Dakota
22d4bfea,05014 Paul Drives Suite 353,North Melissahaven,Kentucky
6392655c,37121 Smith Tunnel,Ashleyton,Delaware
9b4d9bef,47638 Christina Valley Apt. 246,Lauramouth,West Virginia
aa6b474b,3244 Myers Islands,Josephberg,Vermont
533c9a31,63968 Shawn Junction,New Nicolemouth,Massachusetts
4b190bc8,95677 English Tunnel,Gregoryburgh,Idaho
7d036ffc,2879 Cisneros Road Apt. 732,Fisherstad,Kansas
37ad670a,6303 Reyes Stravenue,Amberhaven,Indiana
7d3147e2,6852 Olson Corner,South Briannaview,Vermont
1e3851d9,656 Kenneth Bridge Suite 515,West Michelle,Delaware
d625cbf9,52621 Colon Springs Apt. 024,West Johnhaven,Kansas
3c5f9d9f,24417 Mark Creek Apt. 362,South Davidtown,Connecticut
18430d22,1989 Harvey Grove,North Amberfurt,Wyoming
d5f66cee,971 Estrada Villages,Taylorhaven,West Virginia
66a31fb5,4131 Erica Ridges,East Danielton,New York
abeea22c,81024 Griffith Cape Apt. 013,Christopherton,South Carolina
da07fb93,44592 Gibson Pine,Sandrastad,South Dakota
75f1f76c,9414 Hicks Mountains,Johnborough,Michigan
eb42fcb5,79319 Jennifer Plaza,Yorkborough,Oregon
7c579871,354 Jordan Manor Suite 746,Kaufmanhaven,Idaho
461e98a2,8000 Wilson Stream Suite 040,Braytown,California
e5f7fbff,2433 Martin Burg,Kyleview,Connecticut
be4fb904,46894 Campbell Passage,Ruizstad,Hawaii
f57232f6,22870 Jeremiah Cliff,Lauraborough,Virginia
3e666426,71800 Beard Mall Apt. 049,Munozland,Pennsylvania
ab9119a3,67274 Rick Plaza Suite 332,Lorifurt,Florida
5ba5e61b,04934 Brandi Mills,Lewisfurt,North Carolina
7ee5bf89,2687 Taylor Junctions Apt. 303,Lake Garyside,Wyoming
0200e41f,1197 Scott Springs,New Veronica,North Dakota
26ed27f8,023 Waters Meadow Apt. 364,New Annemouth,Wisconsin
84f16aa7,15897 Heather Camp Suite 859,Brettshire,Rhode Island
a0250fff,965 Rebecca Station Apt. 172,West Leefort,New Jersey
e95780b5,231 Alexandria Lake Apt. 057,South Jamesland,Alabama
4d51eb72,02813 Diane Fords,South Richard,North Dakota
dc32d296,2230 Evans Valley Apt. 850,Whitetown,Oklahoma
26bcb9e8,59152 Joshua Neck Suite 889,Villarrealmouth,Idaho
9e2fff13,8174 Ellison Isle,Lake Josephhaven,Mississippi
d24f25ee,30124 James Center Suite 501,Amyville,Ohio
4334e79a,8364 Burke Cove,Port Aliciastad,Vermont
9ab7e08b,4996 Thompson Underpass Apt. 963,Brandonton,Vermont
90494064,97698 James Square,Grossstad,Louisiana
bcb6212a,85560 Todd Valleys,Pattonchester,Louisiana
394d9025,860 Henderson Park,West Pennyview,Nevada
bd7a0ce6,229 Corey Parkway,New Rachel,Illinois
c819e081,005 Sanders Rapid Suite 409,Brandtland,Virginia
f91fb5ba,531 Morgan Branch Apt. 660,East Bruceberg,Kansas
e55766e3,41343 Willis Highway,Port Ashley,Connecticut
beab5393,885 Kelly Isle Apt. 179,Barajasmouth,Mississippi
926f2ea4,199 Richards Islands Suite 264,Conradport,Pennsylvania
cf59d67d,775 Johnson Estates Apt. 209,Piercebury,South Dakota
38f47d79,9421 Mcclain Pines,Lake Shannonfurt,Texas
f7df524e,849 Jenkins Circle Apt. 873,Shirleystad,California
932b37fd,023 Rollins Throughway,Jacquelineburgh,Wisconsin
1a8a1d1b,588 York Curve,Lake Marioburgh,Vermont
cd7f133f,4519 Martinez Shore,Robertfurt,Washington
283fbb0a,91410 Gonzalez Land,Port Melissa,New Hampshire
52d7363a,811 Cruz Union,Lake Brianview,Alaska
bbd440d9,25078 Audrey Creek,Kingbury,Vermont
fbb5dfe3,827 Anthony Spurs,Amyside,Wisconsin
642d77fc,665 Richardson Turnpike Suite 276,South Bradley,Massachusetts
a737d5c1,220 Nixon Junctions Apt. 765,South Mary,Rhode Island
5f7e5296,66659 Cunningham Valley,Davidberg,Montana
dcf6f15d,2330 Stephanie Keys Suite 080,New Ebony,New Hampshire
5f230947,12043 Danny Prairie,Port James,Indiana
5c65171d,543 Wright Extension,Feliciamouth,Wyoming
689b362c,5869 Kelly Track Suite 855,Stephenside,New Hampshire
